DAY_DATE,SKU,QUANTITY_SOLD
2020-10-05,CollectionA ModelA ColorB,148
2020-10-05,CollectionA ModelB ColorC,125
2020-10-05,CollectionA ModelC ColorA,123
2020-10-05,CollectionB ModelD ColorC,48
2020-10-05,CollectionB ModelD ColorA,41
2020-10-05,CollectionA ModelE ColorA,39
2020-10-05,CollectionC ModelF ColorA,30
2020-10-05,CollectionA ModelG ColorA,29
2020-10-05,CollectionC ModelE ColorC,28
2020-10-05,CollectionA ModelH ColorA,27
2020-10-06,CollectionA ModelA ColorB,171
2020-10-06,CollectionA ModelB ColorC,131
2020-10-06,CollectionA ModelC ColorA,126
2020-10-06,CollectionB ModelD ColorC,50
2020-10-06,CollectionB ModelD ColorA,45
2020-10-06,CollectionA ModelE ColorA,41
2020-10-06,CollectionC ModelF ColorA,32
2020-10-06,CollectionA ModelH ColorA,29
2020-10-06,CollectionA ModelG ColorA,29
2020-10-06,CollectionC ModelE ColorC,28
2020-10-07,CollectionA ModelA ColorB,181
2020-10-07,CollectionA ModelC ColorA,152
2020-10-07,CollectionA ModelB ColorC,129
2020-10-07,CollectionB ModelD ColorA,49
2020-10-07,CollectionB ModelD ColorC,46
2020-10-07,CollectionA ModelE ColorA,43
2020-10-07,CollectionA ModelH ColorA,36
2020-10-07,CollectionC ModelF ColorA,34
2020-10-07,CollectionA ModelI ColorA,30
2020-10-07,CollectionA ModelG ColorA,27
2020-10-08,CollectionA ModelA ColorB,185
2020-10-08,CollectionA ModelC ColorA,140
2020-10-08,CollectionA ModelB ColorC,130
2020-10-08,CollectionB ModelD ColorA,51
2020-10-08,CollectionA ModelE ColorA,43
2020-10-08,CollectionB ModelD ColorC,40
2020-10-08,CollectionC ModelF ColorA,34
2020-10-08,CollectionA ModelH ColorA,34
2020-10-08,CollectionA ModelI ColorA,31
2020-10-08,CollectionA ModelJ ColorA,25
2020-10-09,CollectionA ModelA ColorB,194
2020-10-09,CollectionA ModelC ColorA,140
2020-10-09,CollectionA ModelB ColorC,137
2020-10-09,CollectionB ModelD ColorA,55
2020-10-09,CollectionA ModelE ColorA,39
2020-10-09,CollectionB ModelD ColorC,39
2020-10-09,CollectionA ModelH ColorA,38
2020-10-09,CollectionC ModelF ColorA,37
2020-10-09,CollectionB ModelK ColorD,31
2020-10-09,CollectionA ModelI ColorA,31
2020-10-10,CollectionA ModelA ColorB,228
2020-10-10,CollectionA ModelC ColorA,158
2020-10-10,CollectionA ModelB ColorC,149
2020-10-10,CollectionB ModelD ColorA,53
2020-10-10,CollectionA ModelH ColorA,42
2020-10-10,CollectionA ModelE ColorA,40
2020-10-10,CollectionA ModelI ColorA,38
2020-10-10,CollectionC ModelF ColorA,38
2020-10-10,CollectionB ModelD ColorC,35
2020-10-10,CollectionB ModelK ColorD,29
2020-10-11,CollectionA ModelA ColorB,278
2020-10-11,CollectionA ModelC ColorA,185
2020-10-11,CollectionA ModelB ColorC,180
2020-10-11,CollectionB ModelD ColorA,49
2020-10-11,CollectionA ModelE ColorA,47
2020-10-11,CollectionA ModelH ColorA,46
2020-10-11,CollectionC ModelF ColorA,42
2020-10-11,CollectionA ModelI ColorA,42
2020-10-11,CollectionA ModelF ColorA,35
2020-10-11,CollectionB ModelD ColorC,31
2020-10-12,CollectionA ModelA ColorB,267
2020-10-12,CollectionA ModelC ColorA,176
2020-10-12,CollectionA ModelB ColorC,174
2020-10-12,CollectionB ModelD ColorA,51
2020-10-12,CollectionC ModelF ColorA,44
2020-10-12,CollectionA ModelE ColorA,42
2020-10-12,CollectionA ModelI ColorA,40
2020-10-12,CollectionA ModelH ColorA,40
2020-10-12,CollectionA ModelF ColorA,37
2020-10-12,CollectionA ModelE ColorC,34
2020-10-13,CollectionA ModelA ColorB,245
2020-10-13,CollectionA ModelC ColorA,168
2020-10-13,CollectionA ModelB ColorC,161
2020-10-13,CollectionB ModelD ColorA,39
2020-10-13,CollectionC ModelF ColorA,38
2020-10-13,CollectionA ModelE ColorA,36
2020-10-13,CollectionA ModelH ColorA,36
2020-10-13,CollectionA ModelI ColorA,36
2020-10-13,CollectionA ModelF ColorA,35
2020-10-13,CollectionA ModelE ColorC,33
2020-10-14,CollectionA ModelA ColorB,206
2020-10-14,CollectionA ModelC ColorA,154
2020-10-14,CollectionA ModelB ColorC,147
2020-10-14,CollectionB ModelD ColorA,44
2020-10-14,CollectionA ModelI ColorA,38
2020-10-14,CollectionA ModelF ColorA,38
2020-10-14,CollectionA ModelE ColorA,35
2020-10-14,CollectionA ModelJ ColorA,32
2020-10-14,CollectionA ModelE ColorC,31
2020-10-14,CollectionA ModelH ColorA,30
2020-10-15,CollectionA ModelA ColorB,196
2020-10-15,CollectionA ModelC ColorA,149
2020-10-15,CollectionA ModelB ColorC,127
2020-10-15,CollectionA ModelI ColorA,44
2020-10-15,CollectionB ModelD ColorA,37
2020-10-15,CollectionA ModelE ColorC,33
2020-10-15,CollectionA ModelJ ColorA,32
2020-10-15,CollectionA ModelH ColorA,32
2020-10-15,CollectionA ModelF ColorA,32
2020-10-15,CollectionA ModelE ColorA,31
2020-10-16,CollectionA ModelA ColorB,174
2020-10-16,CollectionA ModelC ColorA,140
2020-10-16,CollectionA ModelB ColorC,129
2020-10-16,CollectionA ModelI ColorA,43
2020-10-16,CollectionB ModelD ColorA,31
2020-10-16,CollectionA ModelE ColorA,31
2020-10-16,CollectionA ModelE ColorC,30
2020-10-16,CollectionA ModelJ ColorA,30
2020-10-16,CollectionA ModelF ColorA,30
2020-10-16,CollectionB ModelK ColorD,29
2020-10-17,CollectionA ModelA ColorB,156
2020-10-17,CollectionA ModelB ColorC,119
2020-10-17,CollectionA ModelC ColorA,116
2020-10-17,CollectionA ModelI ColorA,35
2020-10-17,CollectionA ModelF ColorA,34
2020-10-17,CollectionB ModelD ColorA,31
2020-10-17,CollectionA ModelE ColorA,29
2020-10-17,CollectionA ModelE ColorC,26
2020-10-17,CollectionC ModelF ColorA,26
2020-10-17,CollectionB ModelK ColorD,25
2020-10-18,CollectionA ModelA ColorB,151
2020-10-18,CollectionA ModelC ColorA,119
2020-10-18,CollectionA ModelB ColorC,112
2020-10-18,CollectionA ModelI ColorA,37
2020-10-18,CollectionA ModelF ColorA,33
2020-10-18,CollectionB ModelD ColorA,33
2020-10-18,CollectionA ModelE ColorA,31
2020-10-18,CollectionA ModelE ColorC,28
2020-10-18,CollectionC ModelE ColorC,25
2020-10-18,CollectionB ModelK ColorD,25
2020-10-19,CollectionA ModelA ColorB,142
2020-10-19,CollectionA ModelC ColorA,118
2020-10-19,CollectionA ModelB ColorC,99
2020-10-19,CollectionA ModelI ColorA,37
2020-10-19,CollectionB ModelD ColorA,31
2020-10-19,CollectionA ModelE ColorA,29
2020-10-19,CollectionA ModelE ColorC,26
2020-10-19,CollectionC ModelF ColorA,25
2020-10-19,CollectionC ModelE ColorC,25
2020-10-19,CollectionA ModelF ColorA,25
2020-10-20,CollectionA ModelA ColorB,106
2020-10-20,CollectionA ModelC ColorA,100
2020-10-20,CollectionA ModelB ColorC,83
2020-10-20,CollectionB ModelD ColorA,29
2020-10-20,CollectionC ModelE ColorC,27
2020-10-20,CollectionA ModelF ColorA,27
2020-10-20,CollectionA ModelI ColorA,26
2020-10-20,CollectionA ModelE ColorA,25
2020-10-20,CollectionA ModelE ColorC,24
2020-10-20,CollectionB ModelD ColorC,21
2020-10-21,CollectionA ModelC ColorA,73
2020-10-21,CollectionA ModelA ColorB,57
2020-10-21,CollectionA ModelB ColorC,52
2020-10-21,CollectionB ModelD ColorA,33
2020-10-21,CollectionB ModelD ColorC,26
2020-10-21,CollectionA ModelI ColorA,24
2020-10-21,CollectionC ModelE ColorC,21
2020-10-21,CollectionC ModelF ColorA,20
2020-10-21,CollectionA ModelI ColorC,20
2020-10-21,CollectionA ModelF ColorA,17
2020-10-22,CollectionA ModelC ColorA,65
2020-10-22,CollectionA ModelA ColorB,55
2020-10-22,CollectionA ModelB ColorC,48
2020-10-22,CollectionB ModelD ColorA,37
2020-10-22,CollectionB ModelD ColorC,26
2020-10-22,CollectionA ModelI ColorA,24
2020-10-22,CollectionA ModelF ColorA,21
2020-10-22,CollectionC ModelE ColorC,19
2020-10-22,CollectionA ModelI ColorC,18
2020-10-22,CollectionC ModelF ColorA,18
2020-10-23,CollectionA ModelA ColorB,65
2020-10-23,CollectionA ModelC ColorA,63
2020-10-23,CollectionA ModelB ColorC,48
2020-10-23,CollectionB ModelD ColorA,39
2020-10-23,CollectionB ModelD ColorC,30
2020-10-23,CollectionA ModelI ColorA,24
2020-10-23,CollectionA ModelF ColorA,21
2020-10-23,CollectionC ModelF ColorA,18
2020-10-23,CollectionB ModelK ColorD,17
2020-10-23,CollectionA ModelI ColorC,17
2020-10-24,CollectionA ModelC ColorA,66
2020-10-24,CollectionA ModelA ColorB,64
2020-10-24,CollectionA ModelB ColorC,42
2020-10-24,CollectionB ModelD ColorA,36
2020-10-24,CollectionB ModelD ColorC,30
2020-10-24,CollectionA ModelI ColorA,22
2020-10-24,CollectionA ModelF ColorA,18
2020-10-24,CollectionC ModelE ColorC,18
2020-10-24,CollectionC ModelF ColorA,16
2020-10-24,CollectionB ModelK ColorD,15
2020-10-25,CollectionA ModelC ColorA,73
2020-10-25,CollectionA ModelA ColorB,60
2020-10-25,CollectionA ModelB ColorC,51
2020-10-25,CollectionB ModelD ColorA,47
2020-10-25,CollectionB ModelD ColorC,33
2020-10-25,CollectionB ModelL ColorB,22
2020-10-25,CollectionA ModelF ColorA,20
2020-10-25,CollectionB ModelK ColorD,19
2020-10-25,CollectionA ModelE ColorC,19
2020-10-25,CollectionC ModelE ColorC,18
2020-10-26,CollectionA ModelC ColorA,75
2020-10-26,CollectionA ModelA ColorB,62
2020-10-26,CollectionA ModelB ColorC,51
2020-10-26,CollectionB ModelD ColorA,49
2020-10-26,CollectionB ModelD ColorC,27
2020-10-26,CollectionB ModelL ColorB,24
2020-10-26,CollectionA ModelF ColorA,22
2020-10-26,CollectionA ModelE ColorC,20
2020-10-26,CollectionC ModelE ColorC,19
2020-10-26,CollectionB ModelK ColorD,17
2020-10-27,CollectionA ModelC ColorA,71
2020-10-27,CollectionA ModelA ColorB,66
2020-10-27,CollectionB ModelD ColorA,49
2020-10-27,CollectionA ModelB ColorC,45
2020-10-27,CollectionB ModelK ColorD,24
2020-10-27,CollectionB ModelL ColorB,24
2020-10-27,CollectionB ModelD ColorC,23
2020-10-27,CollectionA ModelE ColorC,22
2020-10-27,CollectionA ModelE ColorA,19
2020-10-27,CollectionC ModelE ColorC,19
2020-10-28,CollectionA ModelA ColorB,87
2020-10-28,CollectionA ModelC ColorA,69
2020-10-28,CollectionA ModelB ColorC,57
2020-10-28,CollectionB ModelD ColorA,47
2020-10-28,CollectionB ModelL ColorB,36
2020-10-28,CollectionB ModelK ColorD,28
2020-10-28,CollectionB ModelD ColorC,24
2020-10-28,CollectionA ModelE ColorC,20
2020-10-28,CollectionC ModelF ColorA,19
2020-10-28,CollectionA ModelM ColorA,19
2020-10-29,CollectionA ModelA ColorB,85
2020-10-29,CollectionA ModelC ColorA,73
2020-10-29,CollectionA ModelB ColorC,59
2020-10-29,CollectionB ModelD ColorA,49
2020-10-29,CollectionB ModelL ColorB,45
2020-10-29,CollectionB ModelK ColorD,30
2020-10-29,CollectionB ModelD ColorC,30
2020-10-29,CollectionA ModelH ColorA,26
2020-10-29,CollectionC ModelN ColorA,23
2020-10-29,CollectionA ModelI ColorA,20
2020-10-30,CollectionA ModelA ColorB,100
2020-10-30,CollectionA ModelC ColorA,86
2020-10-30,CollectionA ModelB ColorC,79
2020-10-30,CollectionB ModelD ColorA,57
2020-10-30,CollectionB ModelL ColorB,50
2020-10-30,CollectionA ModelH ColorA,30
2020-10-30,CollectionB ModelK ColorD,29
2020-10-30,CollectionB ModelD ColorC,28
2020-10-30,CollectionA ModelM ColorA,27
2020-10-30,CollectionA ModelE ColorC,24
2020-10-31,CollectionA ModelA ColorB,103
2020-10-31,CollectionA ModelC ColorA,90
2020-10-31,CollectionA ModelB ColorC,79
2020-10-31,CollectionB ModelD ColorA,63
2020-10-31,CollectionB ModelL ColorB,58
2020-10-31,CollectionA ModelH ColorA,30
2020-10-31,CollectionA ModelM ColorA,27
2020-10-31,CollectionB ModelK ColorD,27
2020-10-31,CollectionC ModelN ColorA,25
2020-10-31,CollectionC ModelE ColorC,25
2020-11-01,CollectionA ModelA ColorB,139
2020-11-01,CollectionA ModelC ColorA,102
2020-11-01,CollectionA ModelB ColorC,99
2020-11-01,CollectionB ModelL ColorB,62
2020-11-01,CollectionB ModelD ColorA,61
2020-11-01,CollectionA ModelH ColorA,38
2020-11-01,CollectionA ModelM ColorA,27
2020-11-01,CollectionB ModelD ColorC,27
2020-11-01,CollectionC ModelN ColorA,25
2020-11-01,CollectionC ModelE ColorC,25
2020-11-02,CollectionA ModelC ColorA,140
2020-11-02,CollectionA ModelA ColorB,139
2020-11-02,CollectionA ModelB ColorC,135
2020-11-02,CollectionB ModelD ColorA,63
2020-11-02,CollectionB ModelL ColorB,60
2020-11-02,CollectionA ModelH ColorA,38
2020-11-02,CollectionA ModelM ColorA,33
2020-11-02,CollectionB ModelD ColorC,31
2020-11-02,CollectionC ModelF ColorA,27
2020-11-02,CollectionB ModelK ColorD,25
2020-11-03,CollectionA ModelC ColorA,167
2020-11-03,CollectionA ModelA ColorB,147
2020-11-03,CollectionA ModelB ColorC,145
2020-11-03,CollectionB ModelL ColorB,68
2020-11-03,CollectionB ModelD ColorA,61
2020-11-03,CollectionA ModelH ColorA,46
2020-11-03,CollectionB ModelD ColorC,39
2020-11-03,CollectionB ModelK ColorD,35
2020-11-03,CollectionA ModelM ColorA,33
2020-11-03,CollectionC ModelF ColorA,27
2020-11-04,CollectionA ModelC ColorA,176
2020-11-04,CollectionA ModelA ColorB,175
2020-11-04,CollectionA ModelB ColorC,147
2020-11-04,CollectionB ModelL ColorB,56
2020-11-04,CollectionB ModelD ColorA,54
2020-11-04,CollectionA ModelH ColorA,40
2020-11-04,CollectionB ModelK ColorD,35
2020-11-04,CollectionB ModelD ColorC,35
2020-11-04,CollectionA ModelM ColorA,31
2020-11-04,CollectionA ModelJ ColorA,28
2020-11-05,CollectionA ModelC ColorA,194
2020-11-05,CollectionA ModelA ColorB,179
2020-11-05,CollectionA ModelB ColorC,159
2020-11-05,CollectionB ModelL ColorB,58
2020-11-05,CollectionB ModelD ColorA,54
2020-11-05,CollectionA ModelH ColorA,45
2020-11-05,CollectionB ModelK ColorD,35
2020-11-05,CollectionB ModelD ColorC,33
2020-11-05,CollectionA ModelJ ColorA,28
2020-11-05,CollectionA ModelJ ColorC,28
2020-11-06,CollectionA ModelC ColorA,201
2020-11-06,CollectionA ModelA ColorB,184
2020-11-06,CollectionA ModelB ColorC,174
2020-11-06,CollectionB ModelL ColorB,62
2020-11-06,CollectionB ModelD ColorA,60
2020-11-06,CollectionA ModelH ColorA,55
2020-11-06,CollectionB ModelD ColorC,43
2020-11-06,CollectionA ModelJ ColorA,32
2020-11-06,CollectionB ModelK ColorD,28
2020-11-06,CollectionC ModelF ColorA,28
2020-11-07,CollectionA ModelC ColorA,228
2020-11-07,CollectionA ModelB ColorC,172
2020-11-07,CollectionA ModelA ColorB,172
2020-11-07,CollectionB ModelD ColorA,76
2020-11-07,CollectionA ModelH ColorA,64
2020-11-07,CollectionB ModelL ColorB,50
2020-11-07,CollectionB ModelD ColorC,42
2020-11-07,CollectionA ModelJ ColorA,36
2020-11-07,CollectionB ModelK ColorD,34
2020-11-07,CollectionC ModelF ColorA,32
2020-11-08,CollectionA ModelC ColorA,224
2020-11-08,CollectionA ModelB ColorC,193
2020-11-08,CollectionA ModelA ColorB,172
2020-11-08,CollectionB ModelD ColorA,72
2020-11-08,CollectionB ModelL ColorB,62
2020-11-08,CollectionA ModelH ColorA,58
2020-11-08,CollectionB ModelD ColorC,38
2020-11-08,CollectionC ModelF ColorA,36
2020-11-08,CollectionB ModelL ColorA,34
2020-11-08,CollectionB ModelK ColorD,34
2020-11-09,CollectionA ModelC ColorA,219
2020-11-09,CollectionA ModelA ColorB,187
2020-11-09,CollectionA ModelB ColorC,184
2020-11-09,CollectionB ModelD ColorA,68
2020-11-09,CollectionA ModelH ColorA,58
2020-11-09,CollectionB ModelL ColorB,57
2020-11-09,CollectionB ModelD ColorC,42
2020-11-09,CollectionA ModelJ ColorA,42
2020-11-09,CollectionC ModelF ColorA,40
2020-11-09,CollectionA ModelI ColorA,36
2020-11-10,CollectionA ModelC ColorA,224
2020-11-10,CollectionA ModelA ColorB,207
2020-11-10,CollectionA ModelB ColorC,199
2020-11-10,CollectionB ModelD ColorA,68
2020-11-10,CollectionA ModelH ColorA,58
2020-11-10,CollectionB ModelL ColorB,44
2020-11-10,CollectionB ModelD ColorC,43
2020-11-10,CollectionA ModelI ColorA,40
2020-11-10,CollectionA ModelJ ColorA,38
2020-11-10,CollectionC ModelF ColorA,36
2020-11-11,CollectionA ModelC ColorA,248
2020-11-11,CollectionA ModelA ColorB,205
2020-11-11,CollectionA ModelB ColorC,191
2020-11-11,CollectionB ModelD ColorA,84
2020-11-11,CollectionB ModelL ColorB,68
2020-11-11,CollectionB ModelD ColorC,61
2020-11-11,CollectionA ModelH ColorA,56
2020-11-11,CollectionA ModelI ColorA,48
2020-11-11,CollectionB ModelK ColorD,46
2020-11-11,CollectionA ModelO ColorA,42
2020-11-12,CollectionA ModelA ColorB,237
2020-11-12,CollectionA ModelC ColorA,224
2020-11-12,CollectionA ModelB ColorC,182
2020-11-12,CollectionB ModelD ColorA,96
2020-11-12,CollectionB ModelD ColorC,73
2020-11-12,CollectionB ModelL ColorB,72
2020-11-12,CollectionA ModelH ColorA,60
2020-11-12,CollectionA ModelI ColorA,60
2020-11-12,CollectionC ModelE ColorC,51
2020-11-12,CollectionB ModelK ColorD,46
2020-11-13,CollectionA ModelA ColorB,248
2020-11-13,CollectionA ModelB ColorC,202
2020-11-13,CollectionA ModelC ColorA,192
2020-11-13,CollectionB ModelD ColorA,109
2020-11-13,CollectionB ModelD ColorC,81
2020-11-13,CollectionB ModelL ColorB,66
2020-11-13,CollectionA ModelI ColorA,64
2020-11-13,CollectionA ModelH ColorA,52
2020-11-13,CollectionC ModelE ColorC,50
2020-11-13,CollectionA ModelJ ColorA,46
2020-11-14,CollectionA ModelA ColorB,254
2020-11-14,CollectionA ModelB ColorC,204
2020-11-14,CollectionA ModelC ColorA,189
2020-11-14,CollectionB ModelD ColorA,150
2020-11-14,CollectionB ModelD ColorC,85
2020-11-14,CollectionA ModelI ColorA,72
2020-11-14,CollectionB ModelL ColorB,70
2020-11-14,CollectionA ModelH ColorA,58
2020-11-14,CollectionC ModelF ColorA,54
2020-11-14,CollectionC ModelE ColorC,48
2020-11-15,CollectionA ModelA ColorB,296
2020-11-15,CollectionA ModelB ColorC,212
2020-11-15,CollectionA ModelC ColorA,209
2020-11-15,CollectionB ModelD ColorA,150
2020-11-15,CollectionB ModelD ColorC,93
2020-11-15,CollectionB ModelL ColorB,78
2020-11-15,CollectionA ModelI ColorA,76
2020-11-15,CollectionA ModelH ColorA,74
2020-11-15,CollectionC ModelE ColorC,66
2020-11-15,CollectionC ModelF ColorA,66
2020-11-16,CollectionA ModelA ColorB,323
2020-11-16,CollectionA ModelC ColorA,232
2020-11-16,CollectionA ModelB ColorC,209
2020-11-16,CollectionB ModelD ColorA,156
2020-11-16,CollectionB ModelD ColorC,103
2020-11-16,CollectionB ModelL ColorB,84
2020-11-16,CollectionA ModelI ColorA,76
2020-11-16,CollectionA ModelH ColorA,70
2020-11-16,CollectionC ModelE ColorC,70
2020-11-16,CollectionA ModelO ColorA,70
2020-11-17,CollectionA ModelA ColorB,331
2020-11-17,CollectionA ModelB ColorC,221
2020-11-17,CollectionA ModelC ColorA,197
2020-11-17,CollectionB ModelD ColorA,154
2020-11-17,CollectionB ModelD ColorC,107
2020-11-17,CollectionB ModelL ColorB,84
2020-11-17,CollectionA ModelO ColorA,78
2020-11-17,CollectionA ModelI ColorA,72
2020-11-17,CollectionA ModelH ColorA,68
2020-11-17,CollectionC ModelE ColorC,62
2020-11-18,CollectionA ModelA ColorB,363
2020-11-18,CollectionA ModelB ColorC,208
2020-11-18,CollectionA ModelC ColorA,207
2020-11-18,CollectionB ModelD ColorA,174
2020-11-18,CollectionB ModelD ColorC,112
2020-11-18,CollectionA ModelO ColorA,82
2020-11-18,CollectionA ModelI ColorA,76
2020-11-18,CollectionB ModelL ColorB,71
2020-11-18,CollectionC ModelF ColorA,70
2020-11-18,CollectionA ModelH ColorA,68
2020-11-19,CollectionA ModelA ColorB,365
2020-11-19,CollectionA ModelC ColorA,212
2020-11-19,CollectionA ModelB ColorC,203
2020-11-19,CollectionB ModelD ColorA,182
2020-11-19,CollectionA ModelI ColorA,176
2020-11-19,CollectionA ModelO ColorA,132
2020-11-19,CollectionA ModelE ColorA,132
2020-11-19,CollectionC ModelE ColorC,121
2020-11-19,CollectionB ModelD ColorC,120
2020-11-19,CollectionA ModelH ColorA,108
2020-11-20,CollectionA ModelE ColorA,496
2020-11-20,CollectionA ModelO ColorA,423
2020-11-20,CollectionA ModelA ColorB,407
2020-11-20,CollectionA ModelI ColorA,398
2020-11-20,CollectionC ModelE ColorC,373
2020-11-20,CollectionA ModelE ColorC,350
2020-11-20,CollectionA ModelQ ColorA,343
2020-11-20,CollectionA ModelM ColorA,290
2020-11-20,CollectionA BONDI ColorC,274
2020-11-20,CollectionA ModelQ ColorC,266
2020-11-21,CollectionA ModelE ColorA,712
2020-11-21,CollectionA ModelI ColorA,584
2020-11-21,CollectionC ModelE ColorC,526
2020-11-21,CollectionA ModelO ColorA,488
2020-11-21,CollectionA ModelQ ColorA,475
2020-11-21,CollectionA ModelE ColorC,472
2020-11-21,CollectionA ModelA ColorB,447
2020-11-21,CollectionA BONDI ColorC,432
2020-11-21,CollectionC ModelM ColorA,397
2020-11-21,CollectionA ModelM ColorA,388
2020-11-22,CollectionA ModelI ColorA,1000
2020-11-22,CollectionA ModelE ColorA,988
2020-11-22,CollectionA BONDI ColorC,732
2020-11-22,CollectionC ModelE ColorC,712
2020-11-22,CollectionA ModelE ColorC,660
2020-11-22,CollectionA ModelQ ColorC,636
2020-11-22,CollectionC ModelM ColorA,581
2020-11-22,CollectionA ModelQ ColorA,573
2020-11-22,CollectionA ModelO ColorA,542
2020-11-22,CollectionA ModelR ColorA,519
2020-11-23,CollectionA ModelI ColorA,1500
2020-11-23,CollectionA ModelE ColorA,1352
2020-11-23,CollectionA BONDI ColorC,1032
2020-11-23,CollectionA ModelE ColorC,978
2020-11-23,CollectionC ModelE ColorC,932
2020-11-23,CollectionA ModelQ ColorC,814
2020-11-23,CollectionC ModelM ColorA,795
2020-11-23,CollectionA ModelM ColorA,690
2020-11-23,CollectionC ModelI ColorC,684
2020-11-23,CollectionC ModelN ColorA,670
2020-11-24,CollectionA ModelI ColorA,4119
2020-11-24,CollectionA ModelE ColorA,3040
2020-11-24,CollectionC ModelM ColorA,1790
2020-11-24,CollectionA ModelQ ColorC,1712
2020-11-24,CollectionA BONDI ColorC,1529
2020-11-24,CollectionA ModelE ColorC,1470
2020-11-24,CollectionC ModelI ColorC,1310
2020-11-24,CollectionC ModelN ColorA,1232
2020-11-24,CollectionA ModelI ColorC,1066
2020-11-24,CollectionC ModelE ColorC,964
2020-11-25,CollectionA ModelI ColorA,4243
2020-11-25,CollectionA ModelE ColorA,3030
2020-11-25,CollectionC ModelM ColorA,2431
2020-11-25,CollectionA ModelQ ColorC,2331
2020-11-25,CollectionA BONDI ColorC,1741
2020-11-25,CollectionC ModelI ColorC,1735
2020-11-25,CollectionA ModelI ColorC,1714
2020-11-25,CollectionC ModelN ColorA,1652
2020-11-25,CollectionA ModelF ColorA,1519
2020-11-25,CollectionA ModelE ColorC,1462
2020-11-26,CollectionA ModelI ColorA,4357
2020-11-26,CollectionA ModelE ColorA,3210
2020-11-26,CollectionA ModelQ ColorC,2626
2020-11-26,CollectionC ModelM ColorA,2599
2020-11-26,CollectionA ModelI ColorC,2087
2020-11-26,CollectionC ModelI ColorC,2049
2020-11-26,CollectionA BONDI ColorC,1887
2020-11-26,CollectionC ModelN ColorA,1859
2020-11-26,CollectionA ModelF ColorA,1683
2020-11-26,CollectionA ModelE ColorC,1470
2020-11-27,CollectionA ModelI ColorA,4383
2020-11-27,CollectionA ModelE ColorA,3211
2020-11-27,CollectionA ModelQ ColorC,3064
2020-11-27,CollectionC ModelM ColorA,2731
2020-11-27,CollectionA ModelI ColorC,2686
2020-11-27,CollectionC ModelI ColorC,2322
2020-11-27,CollectionC ModelN ColorA,2119
2020-11-27,CollectionA BONDI ColorC,2051
2020-11-27,CollectionC ModelP ColorA,1982
2020-11-27,CollectionA ModelF ColorA,1700
2020-11-28,CollectionA ModelI ColorA,4379
2020-11-28,CollectionA ModelQ ColorC,3241
2020-11-28,CollectionA ModelE ColorA,3219
2020-11-28,CollectionA ModelI ColorC,2968
2020-11-28,CollectionC ModelM ColorA,2887
2020-11-28,CollectionC ModelI ColorC,2481
2020-11-28,CollectionC ModelN ColorA,2237
2020-11-28,CollectionC ModelP ColorA,2192
2020-11-28,CollectionA BONDI ColorC,2115
2020-11-28,CollectionA ModelA ColorB,1723
2020-11-29,CollectionA ModelI ColorA,4267
2020-11-29,CollectionA ModelQ ColorC,3304
2020-11-29,CollectionA ModelI ColorC,3183
2020-11-29,CollectionA ModelE ColorA,3129
2020-11-29,CollectionC ModelM ColorA,2860
2020-11-29,CollectionC ModelI ColorC,2513
2020-11-29,CollectionC ModelN ColorA,2288
2020-11-29,CollectionC ModelP ColorA,2286
2020-11-29,CollectionA BONDI ColorC,2138
2020-11-29,CollectionA ModelA ColorB,1837
2020-11-30,CollectionA ModelI ColorA,4041
2020-11-30,CollectionA ModelI ColorC,3335
2020-11-30,CollectionA ModelQ ColorC,3237
2020-11-30,CollectionA ModelE ColorA,2764
2020-11-30,CollectionC ModelM ColorA,2700
2020-11-30,CollectionC ModelI ColorC,2389
2020-11-30,CollectionC ModelP ColorA,2372
2020-11-30,CollectionC ModelN ColorA,2176
2020-11-30,CollectionA BONDI ColorC,1958
2020-11-30,CollectionA ModelA ColorB,1911
2020-12-01,CollectionA ModelI ColorA,3863
2020-12-01,CollectionA ModelI ColorC,3295
2020-12-01,CollectionA ModelQ ColorC,3124
2020-12-01,CollectionA ModelE ColorA,2558
2020-12-01,CollectionC ModelM ColorA,2502
2020-12-01,CollectionC ModelI ColorC,2306
2020-12-01,CollectionC ModelP ColorA,2290
2020-12-01,CollectionC ModelN ColorA,2084
2020-12-01,CollectionA ModelC ColorA,1993
2020-12-01,CollectionA ModelA ColorB,1911
2020-12-02,CollectionA ModelI ColorA,3443
2020-12-02,CollectionA ModelI ColorC,3191
2020-12-02,CollectionA ModelQ ColorC,2872
2020-12-02,CollectionC ModelM ColorA,2314
2020-12-02,CollectionA ModelE ColorA,2292
2020-12-02,CollectionC ModelI ColorC,2196
2020-12-02,CollectionC ModelP ColorA,2138
2020-12-02,CollectionA ModelC ColorA,2006
2020-12-02,CollectionC ModelN ColorA,1928
2020-12-02,CollectionA ModelA ColorB,1874
2020-12-03,CollectionA ModelI ColorC,2989
2020-12-03,CollectionA ModelI ColorA,2947
2020-12-03,CollectionA ModelQ ColorC,2702
2020-12-03,CollectionC ModelM ColorA,2100
2020-12-03,CollectionA ModelC ColorA,1952
2020-12-03,CollectionA ModelE ColorA,1936
2020-12-03,CollectionC ModelI ColorC,1920
2020-12-03,CollectionC ModelP ColorA,1916
2020-12-03,CollectionA ModelA ColorB,1805
2020-12-03,CollectionC ModelN ColorA,1704
2020-12-04,CollectionA ModelI ColorC,2509
2020-12-04,CollectionA ModelQ ColorC,1808
2020-12-04,CollectionA ModelC ColorA,1801
2020-12-04,CollectionA ModelA ColorB,1640
2020-12-04,CollectionC ModelP ColorA,1528
2020-12-04,CollectionC ModelI ColorC,1290
2020-12-04,CollectionC ModelN ColorA,1148
2020-12-04,CollectionA ModelB ColorC,1111
2020-12-04,CollectionC ModelM ColorA,1097
2020-12-04,CollectionA ModelR ColorC,1052
2020-12-05,CollectionA ModelI ColorC,1865
2020-12-05,CollectionA ModelC ColorA,1717
2020-12-05,CollectionA ModelA ColorB,1484
2020-12-05,CollectionA ModelQ ColorC,1189
2020-12-05,CollectionC ModelP ColorA,1180
2020-12-05,CollectionA ModelB ColorC,1034
2020-12-05,CollectionA ModelM ColorA,899
2020-12-05,CollectionC ModelI ColorC,857
2020-12-05,CollectionC ModelP ColorC,841
2020-12-05,CollectionA ModelR ColorC,808
2020-12-06,CollectionA ModelC ColorA,1740
2020-12-06,CollectionA ModelI ColorC,1496
2020-12-06,CollectionA ModelA ColorB,1440
2020-12-06,CollectionA ModelB ColorC,994
2020-12-06,CollectionC ModelP ColorA,984
2020-12-06,CollectionA ModelQ ColorC,898
2020-12-06,CollectionA ModelM ColorA,762
2020-12-06,CollectionC ModelP ColorC,676
2020-12-06,CollectionA ModelR ColorC,672
2020-12-06,CollectionC ModelN ColorC,661
2020-12-07,CollectionA ModelC ColorA,1512
2020-12-07,CollectionA ModelA ColorB,1088
2020-12-07,CollectionA ModelI ColorC,897
2020-12-07,CollectionA ModelB ColorC,803
2020-12-07,CollectionC ModelI ColorA,521
2020-12-07,CollectionC ModelP ColorA,486
2020-12-07,CollectionC ModelP ColorC,465
2020-12-07,CollectionB ModelD ColorA,463
2020-12-07,CollectionA ModelQ ColorC,460
2020-12-07,CollectionC ModelN ColorC,442
2020-12-08,CollectionA ModelC ColorA,1410
2020-12-08,CollectionA ModelA ColorB,1058
2020-12-08,CollectionA ModelB ColorC,753
2020-12-08,CollectionA ModelI ColorC,623
2020-12-08,CollectionB ModelD ColorA,456
2020-12-08,CollectionC ModelI ColorA,451
2020-12-08,CollectionC ModelN ColorC,322
2020-12-08,CollectionB ModelD ColorC,308
2020-12-08,CollectionA ModelM ColorA,289
2020-12-08,CollectionA ModelQ ColorC,283
2020-12-09,CollectionA ModelC ColorA,1360
2020-12-09,CollectionA ModelA ColorB,1034
2020-12-09,CollectionA ModelB ColorC,750
2020-12-09,CollectionB ModelD ColorA,432
2020-12-09,CollectionA ModelI ColorC,364
2020-12-09,CollectionB ModelD ColorC,327
2020-12-09,CollectionC ModelI ColorA,301
2020-12-09,CollectionA ModelJ ColorA,259
2020-12-09,CollectionC ModelF ColorA,230
2020-12-09,CollectionA ModelF ColorA,220
2020-12-10,CollectionA ModelC ColorA,1293
2020-12-10,CollectionA ModelA ColorB,1054
2020-12-10,CollectionA ModelB ColorC,716
2020-12-10,CollectionB ModelD ColorA,429
2020-12-10,CollectionB ModelD ColorC,340
2020-12-10,CollectionA ModelJ ColorA,271
2020-12-10,CollectionC ModelF ColorA,230
2020-12-10,CollectionA ModelF ColorA,226
2020-12-10,CollectionA ModelE ColorA,202
2020-12-10,CollectionA ModelH ColorA,199
2020-12-11,CollectionA ModelC ColorA,1326
2020-12-11,CollectionA ModelA ColorB,1096
2020-12-11,CollectionA ModelB ColorC,741
2020-12-11,CollectionB ModelD ColorA,434
2020-12-11,CollectionB ModelD ColorC,346
2020-12-11,CollectionA ModelJ ColorA,308
2020-12-11,CollectionA ModelF ColorA,246
2020-12-11,CollectionA ModelH ColorA,223
2020-12-11,CollectionC ModelF ColorA,217
2020-12-11,CollectionA ModelE ColorA,214
2020-12-12,CollectionA ModelC ColorA,1343
2020-12-12,CollectionA ModelA ColorB,1109
2020-12-12,CollectionA ModelB ColorC,721
2020-12-12,CollectionB ModelD ColorA,418
2020-12-12,CollectionB ModelD ColorC,345
2020-12-12,CollectionA ModelJ ColorA,321
2020-12-12,CollectionA ModelF ColorA,274
2020-12-12,CollectionA ModelE ColorA,250
2020-12-12,CollectionA ModelH ColorA,235
2020-12-12,CollectionC ModelE ColorC,229
2020-12-13,CollectionA ModelC ColorA,1409
2020-12-13,CollectionA ModelA ColorB,1230
2020-12-13,CollectionA ModelB ColorC,799
2020-12-13,CollectionB ModelD ColorA,467
2020-12-13,CollectionB ModelD ColorC,382
2020-12-13,CollectionA ModelJ ColorA,331
2020-12-13,CollectionA ModelF ColorA,300
2020-12-13,CollectionA ModelE ColorA,274
2020-12-13,CollectionC ModelE ColorC,269
2020-12-13,CollectionA ModelH ColorA,265
2020-12-14,CollectionA ModelC ColorA,1498
2020-12-14,CollectionA ModelA ColorB,1354
2020-12-14,CollectionA ModelB ColorC,910
2020-12-14,CollectionB ModelD ColorA,491
2020-12-14,CollectionB ModelD ColorC,433
2020-12-14,CollectionA ModelJ ColorA,357
2020-12-14,CollectionA ModelH ColorA,313
2020-12-14,CollectionA ModelE ColorA,307
2020-12-14,CollectionA ModelF ColorA,292
2020-12-14,CollectionC ModelE ColorC,281
2020-12-15,CollectionA ModelC ColorA,1589
2020-12-15,CollectionA ModelA ColorB,1396
2020-12-15,CollectionA ModelB ColorC,956
2020-12-15,CollectionB ModelD ColorA,532
2020-12-15,CollectionB ModelD ColorC,456
2020-12-15,CollectionA ModelJ ColorA,365
2020-12-15,CollectionA ModelH ColorA,311
2020-12-15,CollectionC ModelE ColorC,309
2020-12-15,CollectionC ModelF ColorA,303
2020-12-15,CollectionA ModelF ColorA,300
2020-12-16,CollectionA ModelC ColorA,1607
2020-12-16,CollectionA ModelA ColorB,1401
2020-12-16,CollectionA ModelB ColorC,940
2020-12-16,CollectionB ModelD ColorA,492
2020-12-16,CollectionB ModelD ColorC,437
2020-12-16,CollectionA ModelJ ColorA,360
2020-12-16,CollectionC ModelE ColorC,314
2020-12-16,CollectionA ModelH ColorA,306
2020-12-16,CollectionA ModelE ColorA,301
2020-12-16,CollectionC ModelF ColorA,293
2020-12-17,CollectionA ModelC ColorA,1577
2020-12-17,CollectionA ModelA ColorB,1400
2020-12-17,CollectionA ModelB ColorC,979
2020-12-17,CollectionB ModelD ColorA,490
2020-12-17,CollectionB ModelD ColorC,452
2020-12-17,CollectionA ModelJ ColorA,418
2020-12-17,CollectionA ModelE ColorA,353
2020-12-17,CollectionA ModelH ColorA,318
2020-12-17,CollectionC ModelE ColorC,315
2020-12-17,CollectionC ModelF ColorA,284
2020-12-18,CollectionA ModelC ColorA,1584
2020-12-18,CollectionA ModelA ColorB,1374
2020-12-18,CollectionA ModelB ColorC,982
2020-12-18,CollectionB ModelD ColorA,488
2020-12-18,CollectionB ModelD ColorC,451
2020-12-18,CollectionA ModelJ ColorA,408
2020-12-18,CollectionA ModelE ColorA,350
2020-12-18,CollectionA ModelH ColorA,320
2020-12-18,CollectionC ModelF ColorA,288
2020-12-18,CollectionC ModelE ColorC,284
2020-12-19,CollectionA ModelC ColorA,1520
2020-12-19,CollectionA ModelA ColorB,1308
2020-12-19,CollectionA ModelB ColorC,976
2020-12-19,CollectionB ModelD ColorA,490
2020-12-19,CollectionB ModelD ColorC,428
2020-12-19,CollectionA ModelJ ColorA,400
2020-12-19,CollectionA ModelE ColorA,312
2020-12-19,CollectionA ModelH ColorA,309
2020-12-19,CollectionC ModelF ColorA,279
2020-12-19,CollectionA ModelF ColorA,247
2020-12-20,CollectionA ModelC ColorA,1452
2020-12-20,CollectionA ModelA ColorB,1224
2020-12-20,CollectionA ModelB ColorC,913
2020-12-20,CollectionB ModelD ColorA,461
2020-12-20,CollectionB ModelD ColorC,424
2020-12-20,CollectionA ModelJ ColorA,379
2020-12-20,CollectionA ModelE ColorA,304
2020-12-20,CollectionA ModelH ColorA,287
2020-12-20,CollectionC ModelF ColorA,271
2020-12-20,CollectionA ModelF ColorA,237
2020-12-21,CollectionA ModelC ColorA,1345
2020-12-21,CollectionA ModelA ColorB,1154
2020-12-21,CollectionA ModelB ColorC,873
2020-12-21,CollectionB ModelD ColorA,442
2020-12-21,CollectionB ModelD ColorC,416
2020-12-21,CollectionA ModelJ ColorA,341
2020-12-21,CollectionA ModelE ColorA,290
2020-12-21,CollectionC ModelF ColorA,267
2020-12-21,CollectionA ModelH ColorA,263
2020-12-21,CollectionA ModelF ColorA,245
2020-12-22,CollectionA ModelC ColorA,1211
2020-12-22,CollectionA ModelA ColorB,1120
2020-12-22,CollectionA ModelB ColorC,855
2020-12-22,CollectionB ModelD ColorA,427
2020-12-22,CollectionB ModelD ColorC,392
2020-12-22,CollectionA ModelJ ColorA,315
2020-12-22,CollectionC ModelF ColorA,257
2020-12-22,CollectionA ModelH ColorA,247
2020-12-22,CollectionA ModelE ColorA,244
2020-12-22,CollectionA ModelF ColorA,221
2020-12-23,CollectionA ModelC ColorA,1092
2020-12-23,CollectionA ModelA ColorB,949
2020-12-23,CollectionA ModelB ColorC,712
2020-12-23,CollectionB ModelD ColorA,358
2020-12-23,CollectionB ModelD ColorC,331
2020-12-23,CollectionA ModelJ ColorA,289
2020-12-23,CollectionC ModelF ColorA,223
2020-12-23,CollectionA ModelE ColorA,216
2020-12-23,CollectionA ModelH ColorA,209
2020-12-23,CollectionA ModelF ColorA,177
2020-12-24,CollectionA ModelC ColorA,933
2020-12-24,CollectionA ModelA ColorB,788
2020-12-24,CollectionA ModelB ColorC,568
2020-12-24,CollectionB ModelD ColorA,306
2020-12-24,CollectionB ModelD ColorC,264
2020-12-24,CollectionA ModelJ ColorA,251
2020-12-24,CollectionC ModelF ColorA,191
2020-12-24,CollectionA ModelF ColorA,175
2020-12-24,CollectionA ModelE ColorA,171
2020-12-24,CollectionB ModelK ColorD,143
2020-12-25,CollectionA ModelC ColorA,768
2020-12-25,CollectionA ModelA ColorB,688
2020-12-25,CollectionA ModelB ColorC,486
2020-12-25,CollectionB ModelD ColorC,245
2020-12-25,CollectionA ModelJ ColorA,239
2020-12-25,CollectionB ModelD ColorA,239
2020-12-25,CollectionA ModelF ColorA,171
2020-12-25,CollectionA ModelE ColorA,163
2020-12-25,CollectionC ModelF ColorA,151
2020-12-25,CollectionB ModelK ColorD,123
2020-12-26,CollectionA ModelC ColorA,638
2020-12-26,CollectionA ModelA ColorB,589
2020-12-26,CollectionA ModelB ColorC,438
2020-12-26,CollectionB ModelD ColorA,227
2020-12-26,CollectionA ModelJ ColorA,222
2020-12-26,CollectionB ModelD ColorC,216
2020-12-26,CollectionA ModelF ColorA,141
2020-12-26,CollectionC ModelF ColorA,133
2020-12-26,CollectionA ModelE ColorA,125
2020-12-26,CollectionB ModelL ColorB,97
2020-12-27,CollectionA ModelC ColorA,554
2020-12-27,CollectionA ModelA ColorB,554
2020-12-27,CollectionA ModelB ColorC,390
2020-12-27,CollectionB ModelD ColorC,193
2020-12-27,CollectionB ModelD ColorA,187
2020-12-27,CollectionA ModelJ ColorA,162
2020-12-27,CollectionC ModelF ColorA,126
2020-12-27,CollectionA ModelF ColorA,125
2020-12-27,CollectionA ModelE ColorA,91
2020-12-27,CollectionB ModelL ColorB,83
2020-12-28,CollectionA ModelA ColorB,497
2020-12-28,CollectionA ModelC ColorA,475
2020-12-28,CollectionA ModelB ColorC,369
2020-12-28,CollectionB ModelD ColorC,184
2020-12-28,CollectionB ModelD ColorA,180
2020-12-28,CollectionA ModelJ ColorA,140
2020-12-28,CollectionA ModelF ColorA,120
2020-12-28,CollectionC ModelF ColorA,118
2020-12-28,CollectionB ModelL ColorB,95
2020-12-28,CollectionA ModelE ColorA,88
2020-12-29,CollectionA ModelC ColorA,467
2020-12-29,CollectionA ModelA ColorB,465
2020-12-29,CollectionA ModelB ColorC,346
2020-12-29,CollectionB ModelD ColorC,193
2020-12-29,CollectionA ModelJ ColorA,156
2020-12-29,CollectionB ModelD ColorA,150
2020-12-29,CollectionA ModelF ColorA,109
2020-12-29,CollectionC ModelF ColorA,108
2020-12-29,CollectionA ModelE ColorA,97
2020-12-29,CollectionB ModelL ColorB,79
2020-12-30,CollectionA ModelA ColorB,441
2020-12-30,CollectionA ModelC ColorA,437
2020-12-30,CollectionA ModelB ColorC,320
2020-12-30,CollectionB ModelD ColorC,165
2020-12-30,CollectionB ModelD ColorA,154
2020-12-30,CollectionA ModelJ ColorA,152
2020-12-30,CollectionA ModelF ColorA,111
2020-12-30,CollectionC ModelF ColorA,100
2020-12-30,CollectionA ModelE ColorA,97
2020-12-30,CollectionC ModelE ColorA,73
2020-12-31,CollectionA ModelA ColorB,449
2020-12-31,CollectionA ModelC ColorA,361
2020-12-31,CollectionA ModelB ColorC,278
2020-12-31,CollectionB ModelD ColorC,147
2020-12-31,CollectionA ModelJ ColorA,140
2020-12-31,CollectionB ModelD ColorA,140
2020-12-31,CollectionC ModelF ColorA,108
2020-12-31,CollectionA ModelF ColorA,95
2020-12-31,CollectionA ModelE ColorA,89
2020-12-31,CollectionC ModelE ColorA,83
2021-01-01,CollectionA ModelA ColorB,465
2021-01-01,CollectionA ModelC ColorA,373
2021-01-01,CollectionA ModelB ColorC,273
2021-01-01,CollectionB ModelD ColorC,186
2021-01-01,CollectionA ModelJ ColorA,175
2021-01-01,CollectionB ModelD ColorA,144
2021-01-01,CollectionA ModelE ColorA,113
2021-01-01,CollectionA ModelF ColorA,91
2021-01-01,CollectionC ModelF ColorA,90
2021-01-01,CollectionC ModelE ColorC,84
2021-01-02,CollectionA ModelA ColorB,509
2021-01-02,CollectionA ModelC ColorA,426
2021-01-02,CollectionA ModelB ColorC,317
2021-01-02,CollectionB ModelD ColorC,210
2021-01-02,CollectionA ModelJ ColorA,199
2021-01-02,CollectionB ModelD ColorA,162
2021-01-02,CollectionA ModelF ColorA,124
2021-01-02,CollectionA ModelE ColorA,116
2021-01-02,CollectionC ModelF ColorA,110
2021-01-02,CollectionC ModelE ColorA,89
2021-01-03,CollectionA ModelA ColorB,539
2021-01-03,CollectionA ModelC ColorA,395
2021-01-03,CollectionA ModelB ColorC,336
2021-01-03,CollectionB ModelD ColorC,222
2021-01-03,CollectionA ModelJ ColorA,216
2021-01-03,CollectionB ModelD ColorA,170
2021-01-03,CollectionA ModelE ColorA,151
2021-01-03,CollectionA ModelF ColorA,142
2021-01-03,CollectionC ModelF ColorA,102
2021-01-03,CollectionC ModelE ColorA,101
2021-01-04,CollectionA ModelA ColorB,535
2021-01-04,CollectionA ModelC ColorA,361
2021-01-04,CollectionA ModelB ColorC,337
2021-01-04,CollectionB ModelD ColorC,218
2021-01-04,CollectionA ModelJ ColorA,204
2021-01-04,CollectionB ModelD ColorA,170
2021-01-04,CollectionA ModelE ColorA,157
2021-01-04,CollectionA ModelF ColorA,138
2021-01-04,CollectionC ModelF ColorA,102
2021-01-04,CollectionC ModelE ColorC,102
2021-01-05,CollectionA ModelA ColorB,527
2021-01-05,CollectionA ModelC ColorA,353
2021-01-05,CollectionA ModelB ColorC,308
2021-01-05,CollectionB ModelD ColorC,224
2021-01-05,CollectionA ModelJ ColorA,194
2021-01-05,CollectionB ModelD ColorA,166
2021-01-05,CollectionA ModelE ColorA,153
2021-01-05,CollectionA ModelF ColorA,135
2021-01-05,CollectionC ModelE ColorC,124
2021-01-05,CollectionC ModelF ColorA,107
2021-01-06,CollectionA ModelA ColorB,455
2021-01-06,CollectionA ModelC ColorA,375
2021-01-06,CollectionA ModelB ColorC,296
2021-01-06,CollectionB ModelD ColorC,240
2021-01-06,CollectionA ModelJ ColorA,182
2021-01-06,CollectionB ModelD ColorA,164
2021-01-06,CollectionA ModelE ColorA,141
2021-01-06,CollectionA ModelF ColorA,127
2021-01-06,CollectionC ModelE ColorC,124
2021-01-06,CollectionC ModelF ColorA,111
2021-01-07,CollectionA ModelA ColorB,429
2021-01-07,CollectionA ModelC ColorA,364
2021-01-07,CollectionA ModelB ColorC,286
2021-01-07,CollectionB ModelD ColorC,228
2021-01-07,CollectionA ModelJ ColorA,182
2021-01-07,CollectionB ModelD ColorA,148
2021-01-07,CollectionA ModelE ColorA,133
2021-01-07,CollectionC ModelE ColorC,124
2021-01-07,CollectionA ModelF ColorA,115
2021-01-07,CollectionC ModelF ColorA,103
2021-01-08,CollectionA ModelA ColorB,412
2021-01-08,CollectionA ModelC ColorA,336
2021-01-08,CollectionA ModelB ColorC,254
2021-01-08,CollectionB ModelD ColorC,203
2021-01-08,CollectionA ModelJ ColorA,168
2021-01-08,CollectionB ModelD ColorA,152
2021-01-08,CollectionA ModelE ColorA,124
2021-01-08,CollectionC ModelE ColorC,118
2021-01-08,CollectionA ModelF ColorA,110
2021-01-08,CollectionC ModelE ColorA,97
2021-01-09,CollectionA ModelA ColorB,368
2021-01-09,CollectionA ModelC ColorA,286
2021-01-09,CollectionA ModelB ColorC,242
2021-01-09,CollectionB ModelD ColorC,199
2021-01-09,CollectionA ModelJ ColorA,160
2021-01-09,CollectionB ModelD ColorA,128
2021-01-09,CollectionC ModelE ColorC,114
2021-01-09,CollectionA ModelE ColorA,112
2021-01-09,CollectionA ModelF ColorA,100
2021-01-09,CollectionC ModelN ColorA,93
2021-01-10,CollectionA ModelA ColorB,334
2021-01-10,CollectionA ModelC ColorA,298
2021-01-10,CollectionA ModelB ColorC,242
2021-01-10,CollectionB ModelD ColorC,187
2021-01-10,CollectionA ModelJ ColorA,152
2021-01-10,CollectionB ModelD ColorA,128
2021-01-10,CollectionC ModelE ColorC,112
2021-01-10,CollectionA ModelE ColorA,108
2021-01-10,CollectionC ModelN ColorA,93
2021-01-10,CollectionA ModelF ColorA,88
2021-01-11,CollectionA ModelC ColorA,290
2021-01-11,CollectionA ModelA ColorB,288
2021-01-11,CollectionA ModelB ColorC,237
2021-01-11,CollectionB ModelD ColorC,134
2021-01-11,CollectionB ModelD ColorA,111
2021-01-11,CollectionA ModelJ ColorA,107
2021-01-11,CollectionC ModelE ColorC,94
2021-01-11,CollectionA ModelE ColorA,88
2021-01-11,CollectionC ModelE ColorA,79
2021-01-11,CollectionC ModelF ColorA,79
2021-01-12,CollectionA ModelA ColorB,237
2021-01-12,CollectionA ModelC ColorA,216
2021-01-12,CollectionA ModelB ColorC,208
2021-01-12,CollectionB ModelD ColorC,122
2021-01-12,CollectionC ModelE ColorC,100
2021-01-12,CollectionB ModelD ColorA,100
2021-01-12,CollectionA ModelJ ColorA,85
2021-01-12,CollectionA ModelE ColorA,79
2021-01-12,CollectionC ModelF ColorA,67
2021-01-12,CollectionC ModelO ColorA,57
2021-01-13,CollectionA ModelA ColorB,207
2021-01-13,CollectionA ModelC ColorA,206
2021-01-13,CollectionA ModelB ColorC,197
2021-01-13,CollectionB ModelD ColorC,98
2021-01-13,CollectionB ModelD ColorA,88
2021-01-13,CollectionC ModelE ColorC,74
2021-01-13,CollectionC ModelF ColorA,71
2021-01-13,CollectionA ModelJ ColorA,60
2021-01-13,CollectionA ModelH ColorA,50
2021-01-13,CollectionA ModelE ColorC,50
2021-01-14,CollectionA ModelA ColorB,202
2021-01-14,CollectionA ModelC ColorA,200
2021-01-14,CollectionA ModelB ColorC,190
2021-01-14,CollectionB ModelD ColorC,86
2021-01-14,CollectionB ModelD ColorA,80
2021-01-14,CollectionC ModelE ColorC,70
2021-01-14,CollectionC ModelF ColorA,67
2021-01-14,CollectionA ModelJ ColorA,58
2021-01-14,CollectionA ModelH ColorA,50
2021-01-14,CollectionA ModelE ColorC,42
2021-01-15,CollectionA ModelC ColorA,195
2021-01-15,CollectionA ModelA ColorB,191
2021-01-15,CollectionA ModelB ColorC,175
2021-01-15,CollectionB ModelD ColorA,72
2021-01-15,CollectionB ModelD ColorC,72
2021-01-15,CollectionA ModelH ColorA,54
2021-01-15,CollectionC ModelF ColorA,54
2021-01-15,CollectionC ModelE ColorC,50
2021-01-15,CollectionA ModelJ ColorA,50
2021-01-15,CollectionC ModelF ColorC,38
2021-01-16,CollectionA ModelA ColorB,195
2021-01-16,CollectionA ModelB ColorC,155
2021-01-16,CollectionA ModelC ColorA,149
2021-01-16,CollectionA ModelH ColorA,66
2021-01-16,CollectionB ModelD ColorA,64
2021-01-16,CollectionB ModelD ColorC,48
2021-01-16,CollectionC ModelF ColorA,48
2021-01-16,CollectionC ModelE ColorC,46
2021-01-16,CollectionA ModelJ ColorA,46
2021-01-16,CollectionC ModelF ColorC,34
2021-01-17,CollectionA ModelA ColorB,207
2021-01-17,CollectionA ModelB ColorC,145
2021-01-17,CollectionA ModelC ColorA,129
2021-01-17,CollectionA ModelH ColorA,58
2021-01-17,CollectionB ModelD ColorA,54
2021-01-17,CollectionC ModelF ColorA,48
2021-01-17,CollectionB ModelD ColorC,48
2021-01-17,CollectionA ModelJ ColorA,46
2021-01-17,CollectionC ModelE ColorC,38
2021-01-17,CollectionA ModelF ColorA,28
2021-01-18,CollectionA ModelA ColorB,208
2021-01-18,CollectionA ModelB ColorC,145
2021-01-18,CollectionA ModelC ColorA,134
2021-01-18,CollectionA ModelH ColorA,59
2021-01-18,CollectionB ModelD ColorC,53
2021-01-18,CollectionB ModelD ColorA,48
2021-01-18,CollectionC ModelF ColorA,46
2021-01-18,CollectionA ModelJ ColorA,36
2021-01-18,CollectionA ModelI ColorA,32
2021-01-18,CollectionC ModelE ColorC,30
2021-01-19,CollectionA ModelA ColorB,209
2021-01-19,CollectionA ModelC ColorA,158
2021-01-19,CollectionA ModelB ColorC,157
2021-01-19,CollectionA ModelH ColorA,59
2021-01-19,CollectionB ModelD ColorA,52
2021-01-19,CollectionB ModelD ColorC,45
2021-01-19,CollectionC ModelF ColorA,44
2021-01-19,CollectionA ModelI ColorA,32
2021-01-19,CollectionA ModelE ColorC,32
2021-01-19,CollectionC ModelE ColorC,30
2021-01-20,CollectionA ModelA ColorB,203
2021-01-20,CollectionA ModelB ColorC,152
2021-01-20,CollectionA ModelC ColorA,144
2021-01-20,CollectionB ModelD ColorA,56
2021-01-20,CollectionA ModelH ColorA,51
2021-01-20,CollectionB ModelD ColorC,49
2021-01-20,CollectionC ModelF ColorA,44
2021-01-20,CollectionA ModelE ColorC,32
2021-01-20,CollectionA ModelE ColorA,31
2021-01-20,CollectionC ModelI ColorA,31
2021-01-21,CollectionA ModelA ColorB,199
2021-01-21,CollectionA ModelB ColorC,148
2021-01-21,CollectionA ModelC ColorA,136
2021-01-21,CollectionA ModelH ColorA,53
2021-01-21,CollectionB ModelD ColorA,52
2021-01-21,CollectionB ModelD ColorC,49
2021-01-21,CollectionA ModelE ColorC,44
2021-01-21,CollectionC ModelF ColorA,40
2021-01-21,CollectionA ModelJ ColorA,32
2021-01-21,CollectionA ModelE ColorA,31
2021-01-22,CollectionA ModelA ColorB,192
2021-01-22,CollectionA ModelC ColorA,142
2021-01-22,CollectionA ModelB ColorC,136
2021-01-22,CollectionA ModelH ColorA,49
2021-01-22,CollectionA ModelE ColorC,48
2021-01-22,CollectionC ModelF ColorA,40
2021-01-22,CollectionB ModelD ColorC,38
2021-01-22,CollectionA ModelE ColorA,38
2021-01-22,CollectionB ModelD ColorA,36
2021-01-22,CollectionC ModelI ColorA,30
2021-01-23,CollectionA ModelA ColorB,188
2021-01-23,CollectionA ModelC ColorA,158
2021-01-23,CollectionA ModelB ColorC,108
2021-01-23,CollectionA ModelH ColorA,61
2021-01-23,CollectionA ModelE ColorC,48
2021-01-23,CollectionA ModelF ColorA,40
2021-01-23,CollectionB ModelD ColorC,38
2021-01-23,CollectionA ModelJ ColorA,36
2021-01-23,CollectionC ModelF ColorA,36
2021-01-23,CollectionA ModelI ColorA,34
2021-01-24,CollectionA ModelA ColorB,171
2021-01-24,CollectionA ModelC ColorA,160
2021-01-24,CollectionA ModelB ColorC,110
2021-01-24,CollectionA ModelH ColorA,65
2021-01-24,CollectionA ModelE ColorC,48
2021-01-24,CollectionA ModelF ColorA,41
2021-01-24,CollectionB ModelD ColorC,38
2021-01-24,CollectionC ModelF ColorA,36
2021-01-24,CollectionB ModelD ColorA,35
2021-01-24,CollectionA ModelE ColorA,34
2021-01-25,CollectionA ModelC ColorA,158
2021-01-25,CollectionA ModelA ColorB,154
2021-01-25,CollectionA ModelB ColorC,118
2021-01-25,CollectionA ModelH ColorA,65
2021-01-25,CollectionA ModelE ColorC,44
2021-01-25,CollectionA ModelF ColorA,41
2021-01-25,CollectionC ModelF ColorA,40
2021-01-25,CollectionB ModelD ColorC,38
2021-01-25,CollectionB ModelD ColorA,36
2021-01-25,CollectionA ModelJ ColorA,34
2021-01-26,CollectionA ModelC ColorA,162
2021-01-26,CollectionA ModelA ColorB,158
2021-01-26,CollectionA ModelB ColorC,122
2021-01-26,CollectionA ModelH ColorA,61
2021-01-26,CollectionA ModelE ColorC,52
2021-01-26,CollectionA ModelE ColorA,46
2021-01-26,CollectionA ModelF ColorA,45
2021-01-26,CollectionA ModelI ColorA,42
2021-01-26,CollectionC ModelF ColorA,38
2021-01-26,CollectionA ModelJ ColorA,34
2021-01-27,CollectionA ModelC ColorA,178
2021-01-27,CollectionA ModelA ColorB,146
2021-01-27,CollectionA ModelB ColorC,135
2021-01-27,CollectionA ModelH ColorA,65
2021-01-27,CollectionA ModelE ColorA,54
2021-01-27,CollectionA ModelF ColorA,49
2021-01-27,CollectionC ModelF ColorA,46
2021-01-27,CollectionA ModelE ColorC,44
2021-01-27,CollectionA ModelI ColorA,42
2021-01-27,CollectionA ModelJ ColorA,38
2021-01-28,CollectionA ModelC ColorA,187
2021-01-28,CollectionA ModelA ColorB,170
2021-01-28,CollectionA ModelB ColorC,130
2021-01-28,CollectionA ModelH ColorA,60
2021-01-28,CollectionA ModelE ColorA,53
2021-01-28,CollectionA ModelF ColorA,49
2021-01-28,CollectionC ModelF ColorA,46
2021-01-28,CollectionA ModelJ ColorA,38
2021-01-28,CollectionA ModelI ColorA,36
2021-01-28,CollectionA ModelE ColorC,36
2021-01-29,CollectionA ModelC ColorA,183
2021-01-29,CollectionA ModelA ColorB,177
2021-01-29,CollectionA ModelB ColorC,130
2021-01-29,CollectionA ModelH ColorA,64
2021-01-29,CollectionA ModelE ColorA,57
2021-01-29,CollectionA ModelF ColorA,53
2021-01-29,CollectionC ModelF ColorA,50
2021-01-29,CollectionA ModelJ ColorA,38
2021-01-29,CollectionA ModelE ColorC,36
2021-01-29,CollectionB ModelD ColorC,34
2021-01-30,CollectionA ModelC ColorA,195
2021-01-30,CollectionA ModelA ColorB,185
2021-01-30,CollectionA ModelB ColorC,119
2021-01-30,CollectionA ModelH ColorA,60
2021-01-30,CollectionA ModelJ ColorA,54
2021-01-30,CollectionA ModelF ColorA,53
2021-01-30,CollectionC ModelF ColorA,50
2021-01-30,CollectionA ModelE ColorA,39
2021-01-30,CollectionA ModelE ColorC,36
2021-01-30,CollectionB ModelD ColorC,34
2021-01-31,CollectionA ModelC ColorA,195
2021-01-31,CollectionA ModelA ColorB,175
2021-01-31,CollectionA ModelB ColorC,125
2021-01-31,CollectionC ModelF ColorA,56
2021-01-31,CollectionA ModelJ ColorA,54
2021-01-31,CollectionA ModelF ColorA,51
2021-01-31,CollectionA ModelH ColorA,48
2021-01-31,CollectionA ModelE ColorA,39
2021-01-31,CollectionB ModelD ColorA,36
2021-01-31,CollectionC ModelE ColorC,35
2021-02-01,CollectionA ModelC ColorA,187
2021-02-01,CollectionA ModelA ColorB,163
2021-02-01,CollectionA ModelB ColorC,125
2021-02-01,CollectionB ModelD ColorA,66
2021-02-01,CollectionA ModelH ColorA,58
2021-02-01,CollectionA ModelF ColorA,53
2021-02-01,CollectionC ModelF ColorA,52
2021-02-01,CollectionA ModelJ ColorA,48
2021-02-01,CollectionC ModelE ColorC,43
2021-02-01,CollectionB ModelD ColorC,33
2021-02-02,CollectionA ModelC ColorA,177
2021-02-02,CollectionA ModelA ColorB,159
2021-02-02,CollectionA ModelB ColorC,134
2021-02-02,CollectionB ModelD ColorA,81
2021-02-02,CollectionC ModelF ColorA,68
2021-02-02,CollectionA ModelH ColorA,46
2021-02-02,CollectionA ModelE ColorA,42
2021-02-02,CollectionC ModelE ColorC,39
2021-02-02,CollectionA ModelJ ColorA,38
2021-02-02,CollectionA ModelF ColorA,37
2021-02-03,CollectionA ModelC ColorA,195
2021-02-03,CollectionA ModelA ColorB,169
2021-02-03,CollectionA ModelB ColorC,142
2021-02-03,CollectionB ModelD ColorA,83
2021-02-03,CollectionC ModelF ColorA,68
2021-02-03,CollectionA ModelH ColorA,46
2021-02-03,CollectionB ModelD ColorC,44
2021-02-03,CollectionA ModelE ColorA,42
2021-02-03,CollectionA ModelE ColorC,32
2021-02-03,CollectionC ModelE ColorC,31
2021-02-04,CollectionA ModelA ColorB,225
2021-02-04,CollectionA ModelC ColorA,190
2021-02-04,CollectionA ModelB ColorC,158
2021-02-04,CollectionB ModelD ColorA,94
2021-02-04,CollectionC ModelF ColorA,68
2021-02-04,CollectionB ModelD ColorC,44
2021-02-04,CollectionA ModelE ColorA,42
2021-02-04,CollectionA ModelH ColorA,42
2021-02-04,CollectionA ModelF ColorA,36
2021-02-04,CollectionC ModelE ColorC,35
2021-02-05,CollectionA ModelA ColorB,235
2021-02-05,CollectionA ModelC ColorA,206
2021-02-05,CollectionA ModelB ColorC,164
2021-02-05,CollectionB ModelD ColorA,102
2021-02-05,CollectionC ModelF ColorA,68
2021-02-05,CollectionB ModelD ColorC,52
2021-02-05,CollectionA ModelJ ColorA,39
2021-02-05,CollectionA ModelH ColorA,34
2021-02-05,CollectionA ModelF ColorA,32
2021-02-05,CollectionA ModelE ColorA,31
2021-02-06,CollectionA ModelA ColorB,235
2021-02-06,CollectionA ModelC ColorA,215
2021-02-06,CollectionA ModelB ColorC,163
2021-02-06,CollectionB ModelD ColorA,96
2021-02-06,CollectionB ModelD ColorC,60
2021-02-06,CollectionC ModelF ColorA,56
2021-02-06,CollectionA ModelJ ColorA,43
2021-02-06,CollectionA ModelM ColorA,30
2021-02-06,CollectionA ModelJ ColorC,28
2021-02-06,CollectionA ModelF ColorA,28
2021-02-07,CollectionA ModelA ColorB,225
2021-02-07,CollectionA ModelC ColorA,217
2021-02-07,CollectionA ModelB ColorC,173
2021-02-07,CollectionB ModelD ColorA,100
2021-02-07,CollectionC ModelF ColorA,52
2021-02-07,CollectionA ModelJ ColorA,51
2021-02-07,CollectionB ModelD ColorC,49
2021-02-07,CollectionC ModelI ColorA,42
2021-02-07,CollectionA ModelF ColorA,28
2021-02-07,CollectionA ModelE ColorC,28
2021-02-08,CollectionA ModelA ColorB,241
2021-02-08,CollectionA ModelC ColorA,229
2021-02-08,CollectionA ModelB ColorC,173
2021-02-08,CollectionB ModelD ColorA,110
2021-02-08,CollectionA ModelJ ColorA,51
2021-02-08,CollectionC ModelF ColorA,50
2021-02-08,CollectionB ModelD ColorC,45
2021-02-08,CollectionC ModelI ColorA,42
2021-02-08,CollectionC ModelE ColorC,40
2021-02-08,CollectionA ModelH ColorA,34
2021-02-09,CollectionA ModelA ColorB,239
2021-02-09,CollectionA ModelC ColorA,223
2021-02-09,CollectionA ModelB ColorC,186
2021-02-09,CollectionB ModelD ColorA,106
2021-02-09,CollectionC ModelF ColorA,54
2021-02-09,CollectionB ModelD ColorC,49
2021-02-09,CollectionC ModelI ColorA,42
2021-02-09,CollectionC ModelE ColorC,40
2021-02-09,CollectionA ModelJ ColorA,39
2021-02-09,CollectionA ModelE ColorA,39
2021-02-10,CollectionA ModelA ColorB,250
2021-02-10,CollectionA ModelC ColorA,242
2021-02-10,CollectionA ModelB ColorC,180
2021-02-10,CollectionB ModelD ColorA,102
2021-02-10,CollectionC ModelF ColorA,52
2021-02-10,CollectionC ModelE ColorC,50
2021-02-10,CollectionB ModelD ColorC,49
2021-02-10,CollectionC ModelE ColorA,42
2021-02-10,CollectionC ModelI ColorA,42
2021-02-10,CollectionA ModelJ ColorA,40
2021-02-11,CollectionA ModelC ColorA,275
2021-02-11,CollectionA ModelA ColorB,247
2021-02-11,CollectionA ModelB ColorC,180
2021-02-11,CollectionB ModelD ColorA,82
2021-02-11,CollectionB ModelD ColorC,57
2021-02-11,CollectionC ModelF ColorA,52
2021-02-11,CollectionC ModelE ColorC,50
2021-02-11,CollectionA ModelE ColorA,48
2021-02-11,CollectionA ModelJ ColorA,42
2021-02-11,CollectionA ModelF ColorA,42
2021-02-12,CollectionA ModelC ColorA,269
2021-02-12,CollectionA ModelA ColorB,235
2021-02-12,CollectionA ModelB ColorC,184
2021-02-12,CollectionB ModelD ColorA,80
2021-02-12,CollectionB ModelD ColorC,64
2021-02-12,CollectionC ModelE ColorC,59
2021-02-12,CollectionA ModelE ColorA,46
2021-02-12,CollectionA ModelJ ColorA,42
2021-02-12,CollectionC ModelE ColorA,38
2021-02-12,CollectionA ModelF ColorA,38
2021-02-13,CollectionA ModelC ColorA,253
2021-02-13,CollectionA ModelA ColorB,239
2021-02-13,CollectionA ModelB ColorC,188
2021-02-13,CollectionC ModelE ColorC,71
2021-02-13,CollectionB ModelD ColorA,68
2021-02-13,CollectionB ModelD ColorC,66
2021-02-13,CollectionA ModelE ColorA,50
2021-02-13,CollectionA ModelJ ColorA,42
2021-02-13,CollectionA ModelF ColorA,38
2021-02-13,CollectionC ModelE ColorA,38
2021-02-14,CollectionA ModelC ColorA,267
2021-02-14,CollectionA ModelA ColorB,199
2021-02-14,CollectionA ModelB ColorC,184
2021-02-14,CollectionB ModelD ColorC,86
2021-02-14,CollectionB ModelD ColorA,68
2021-02-14,CollectionC ModelE ColorC,67
2021-02-14,CollectionA ModelE ColorA,54
2021-02-14,CollectionA ModelJ ColorA,42
2021-02-14,CollectionA ModelF ColorA,42
2021-02-14,CollectionC ModelF ColorA,38
2021-02-15,CollectionA ModelC ColorA,273
2021-02-15,CollectionA ModelA ColorB,210
2021-02-15,CollectionA ModelB ColorC,183
2021-02-15,CollectionB ModelD ColorC,90
2021-02-15,CollectionC ModelE ColorC,71
2021-02-15,CollectionB ModelD ColorA,68
2021-02-15,CollectionA ModelE ColorA,62
2021-02-15,CollectionA ModelF ColorA,51
2021-02-15,CollectionA ModelH ColorA,44
2021-02-15,CollectionC ModelF ColorA,38
2021-02-16,CollectionA ModelC ColorA,257
2021-02-16,CollectionA ModelA ColorB,202
2021-02-16,CollectionA ModelB ColorC,171
2021-02-16,CollectionB ModelD ColorC,86
2021-02-16,CollectionB ModelD ColorA,76
2021-02-16,CollectionC ModelE ColorC,65
2021-02-16,CollectionA ModelE ColorA,62
2021-02-16,CollectionA ModelF ColorA,55
2021-02-16,CollectionA ModelH ColorA,52
2021-02-16,CollectionC ModelF ColorA,42
2021-02-17,CollectionA ModelC ColorA,245
2021-02-17,CollectionA ModelA ColorB,186
2021-02-17,CollectionA ModelB ColorC,159
2021-02-17,CollectionB ModelD ColorA,84
2021-02-17,CollectionB ModelD ColorC,76
2021-02-17,CollectionC ModelE ColorC,70
2021-02-17,CollectionA ModelH ColorA,68
2021-02-17,CollectionA ModelE ColorA,62
2021-02-17,CollectionA ModelF ColorA,59
2021-02-17,CollectionA ModelE ColorC,42
2021-02-18,CollectionA ModelC ColorA,219
2021-02-18,CollectionA ModelA ColorB,162
2021-02-18,CollectionA ModelB ColorC,157
2021-02-18,CollectionB ModelD ColorC,80
2021-02-18,CollectionB ModelD ColorA,76
2021-02-18,CollectionC ModelE ColorC,62
2021-02-18,CollectionA ModelE ColorA,58
2021-02-18,CollectionA ModelH ColorA,56
2021-02-18,CollectionA ModelF ColorA,55
2021-02-18,CollectionA ModelE ColorC,42
2021-02-19,CollectionA ModelC ColorA,207
2021-02-19,CollectionA ModelA ColorB,157
2021-02-19,CollectionA ModelB ColorC,140
2021-02-19,CollectionB ModelD ColorC,74
2021-02-19,CollectionB ModelD ColorA,72
2021-02-19,CollectionC ModelE ColorC,62
2021-02-19,CollectionA ModelH ColorA,56
2021-02-19,CollectionA ModelF ColorA,51
2021-02-19,CollectionA ModelE ColorA,50
2021-02-19,CollectionA ModelE ColorC,40
2021-02-20,CollectionA ModelC ColorA,184
2021-02-20,CollectionA ModelA ColorB,182
2021-02-20,CollectionA ModelB ColorC,140
2021-02-20,CollectionB ModelD ColorC,82
2021-02-20,CollectionB ModelD ColorA,76
2021-02-20,CollectionA ModelH ColorA,68
2021-02-20,CollectionC ModelE ColorC,58
2021-02-20,CollectionA ModelE ColorA,52
2021-02-20,CollectionA ModelF ColorA,47
2021-02-20,CollectionA ModelE ColorC,40
2021-02-21,CollectionA ModelA ColorB,192
2021-02-21,CollectionA ModelC ColorA,155
2021-02-21,CollectionA ModelB ColorC,144
2021-02-21,CollectionA ModelH ColorA,78
2021-02-21,CollectionB ModelD ColorC,74
2021-02-21,CollectionB ModelD ColorA,66
2021-02-21,CollectionC ModelE ColorC,54
2021-02-21,CollectionA ModelE ColorA,43
2021-02-21,CollectionA ModelF ColorA,41
2021-02-21,CollectionA ModelE ColorC,40
2021-02-22,CollectionA ModelA ColorB,206
2021-02-22,CollectionA ModelC ColorA,161
2021-02-22,CollectionA ModelB ColorC,135
2021-02-22,CollectionB ModelD ColorC,88
2021-02-22,CollectionA ModelH ColorA,78
2021-02-22,CollectionB ModelD ColorA,56
2021-02-22,CollectionA ModelF ColorA,49
2021-02-22,CollectionC ModelE ColorC,45
2021-02-22,CollectionC ModelO ColorA,36
2021-02-22,CollectionA ModelE ColorC,36
2021-02-23,CollectionA ModelA ColorB,200
2021-02-23,CollectionA ModelC ColorA,173
2021-02-23,CollectionA ModelB ColorC,115
2021-02-23,CollectionB ModelD ColorC,80
2021-02-23,CollectionA ModelH ColorA,78
2021-02-23,CollectionB ModelD ColorA,60
2021-02-23,CollectionA ModelF ColorA,53
2021-02-23,CollectionA ModelE ColorC,44
2021-02-23,CollectionC ModelO ColorA,36
2021-02-23,CollectionA ModelE ColorA,35
2021-02-24,CollectionA ModelA ColorB,200
2021-02-24,CollectionA ModelC ColorA,163
2021-02-24,CollectionA ModelB ColorC,103
2021-02-24,CollectionA ModelH ColorA,74
2021-02-24,CollectionB ModelD ColorC,69
2021-02-24,CollectionA ModelF ColorA,49
2021-02-24,CollectionB ModelD ColorA,48
2021-02-24,CollectionA ModelE ColorC,40
2021-02-24,CollectionC ModelF ColorA,35
2021-02-24,CollectionC ModelH ColorA,32
2021-02-25,CollectionA ModelA ColorB,167
2021-02-25,CollectionA ModelC ColorA,149
2021-02-25,CollectionA ModelB ColorC,103
2021-02-25,CollectionA ModelH ColorA,70
2021-02-25,CollectionB ModelD ColorC,57
2021-02-25,CollectionA ModelE ColorC,40
2021-02-25,CollectionB ModelD ColorA,40
2021-02-25,CollectionA ModelF ColorA,40
2021-02-25,CollectionC ModelH ColorA,36
2021-02-25,CollectionA ModelI ColorA,32
2021-02-26,CollectionA ModelA ColorB,161
2021-02-26,CollectionA ModelC ColorA,146
2021-02-26,CollectionA ModelB ColorC,111
2021-02-26,CollectionA ModelH ColorA,66
2021-02-26,CollectionB ModelD ColorC,61
2021-02-26,CollectionA ModelJ ColorA,36
2021-02-26,CollectionA ModelI ColorA,36
2021-02-26,CollectionA ModelE ColorC,36
2021-02-26,CollectionB ModelD ColorA,32
2021-02-26,CollectionA ModelF ColorA,32
2021-02-27,CollectionA ModelA ColorB,185
2021-02-27,CollectionA ModelC ColorA,154
2021-02-27,CollectionA ModelB ColorC,131
2021-02-27,CollectionB ModelD ColorC,61
2021-02-27,CollectionA ModelH ColorA,54
2021-02-27,CollectionA ModelJ ColorA,44
2021-02-27,CollectionC ModelF ColorA,43
2021-02-27,CollectionA ModelF ColorA,42
2021-02-27,CollectionC ModelE ColorC,40
2021-02-27,CollectionA ModelE ColorC,36
2021-02-28,CollectionA ModelA ColorB,208
2021-02-28,CollectionA ModelC ColorA,162
2021-02-28,CollectionA ModelB ColorC,147
2021-02-28,CollectionA ModelH ColorA,66
2021-02-28,CollectionB ModelD ColorC,63
2021-02-28,CollectionA ModelF ColorA,46
2021-02-28,CollectionC ModelE ColorC,44
2021-02-28,CollectionA ModelJ ColorA,44
2021-02-28,CollectionC ModelF ColorA,40
2021-02-28,CollectionA ModelE ColorC,40
2021-03-01,CollectionA ModelA ColorB,238
2021-03-01,CollectionA ModelC ColorA,174
2021-03-01,CollectionA ModelB ColorC,168
2021-03-01,CollectionA ModelH ColorA,62
2021-03-01,CollectionB ModelD ColorC,62
2021-03-01,CollectionC ModelE ColorC,56
2021-03-01,CollectionA ModelJ ColorA,51
2021-03-01,CollectionA ModelF ColorA,46
2021-03-01,CollectionC ModelF ColorA,44
2021-03-01,CollectionA ModelE ColorC,40
2021-03-02,CollectionA ModelA ColorB,204
2021-03-02,CollectionA ModelC ColorA,180
2021-03-02,CollectionA ModelB ColorC,178
2021-03-02,CollectionA ModelH ColorA,62
2021-03-02,CollectionB ModelD ColorC,58
2021-03-02,CollectionC ModelF ColorA,56
2021-03-02,CollectionA ModelF ColorA,50
2021-03-02,CollectionC ModelE ColorC,48
2021-03-02,CollectionB ModelD ColorA,46
2021-03-02,CollectionA ModelJ ColorC,40
2021-03-03,CollectionA ModelA ColorB,208
2021-03-03,CollectionA ModelC ColorA,182
2021-03-03,CollectionA ModelB ColorC,170
2021-03-03,CollectionB ModelD ColorC,66
2021-03-03,CollectionC ModelF ColorA,60
2021-03-03,CollectionA ModelF ColorA,58
2021-03-03,CollectionA ModelH ColorA,56
2021-03-03,CollectionB ModelD ColorA,52
2021-03-03,CollectionA ModelJ ColorA,52
2021-03-03,CollectionA ModelE ColorA,47
2021-03-04,CollectionA ModelA ColorB,216
2021-03-04,CollectionA ModelC ColorA,181
2021-03-04,CollectionA ModelB ColorC,174
2021-03-04,CollectionA ModelH ColorA,60
2021-03-04,CollectionA ModelJ ColorA,56
2021-03-04,CollectionC ModelF ColorA,56
2021-03-04,CollectionA ModelF ColorA,54
2021-03-04,CollectionB ModelD ColorC,48
2021-03-04,CollectionB ModelD ColorA,48
2021-03-04,CollectionA ModelE ColorA,47
2021-03-05,CollectionA ModelA ColorB,222
2021-03-05,CollectionA ModelB ColorC,199
2021-03-05,CollectionA ModelC ColorA,189
2021-03-05,CollectionA ModelH ColorA,68
2021-03-05,CollectionA ModelJ ColorA,61
2021-03-05,CollectionC ModelF ColorA,56
2021-03-05,CollectionA ModelF ColorA,54
2021-03-05,CollectionA ModelE ColorA,48
2021-03-05,CollectionC ModelE ColorC,48
2021-03-05,CollectionB ModelD ColorA,44
2021-03-06,CollectionA ModelA ColorB,220
2021-03-06,CollectionA ModelB ColorC,209
2021-03-06,CollectionA ModelC ColorA,177
2021-03-06,CollectionA ModelH ColorA,64
2021-03-06,CollectionA ModelJ ColorA,57
2021-03-06,CollectionB ModelD ColorA,54
2021-03-06,CollectionC ModelE ColorC,52
2021-03-06,CollectionA ModelF ColorA,50
2021-03-06,CollectionA ModelE ColorA,48
2021-03-06,CollectionB ModelL ColorB,46
2021-03-07,CollectionA ModelA ColorB,248
2021-03-07,CollectionA ModelB ColorC,220
2021-03-07,CollectionA ModelC ColorA,177
2021-03-07,CollectionA ModelH ColorA,68
2021-03-07,CollectionA ModelJ ColorA,57
2021-03-07,CollectionC ModelE ColorC,56
2021-03-07,CollectionB ModelD ColorA,54
2021-03-07,CollectionA ModelE ColorA,52
2021-03-07,CollectionA ModelF ColorA,50
2021-03-07,CollectionC ModelF ColorA,48
2021-03-08,CollectionA ModelA ColorB,264
2021-03-08,CollectionA ModelB ColorC,204
2021-03-08,CollectionA ModelC ColorA,187
2021-03-08,CollectionC ModelE ColorC,69
2021-03-08,CollectionA ModelH ColorA,69
2021-03-08,CollectionA ModelE ColorA,60
2021-03-08,CollectionA ModelF ColorA,58
2021-03-08,CollectionB ModelD ColorA,54
2021-03-08,CollectionA ModelJ ColorA,53
2021-03-08,CollectionB ModelU ColorE,48
2021-03-09,CollectionA ModelA ColorB,256
2021-03-09,CollectionA ModelB ColorC,193
2021-03-09,CollectionA ModelC ColorA,180
2021-03-09,CollectionA ModelH ColorA,73
2021-03-09,CollectionA ModelF ColorA,56
2021-03-09,CollectionB ModelD ColorA,56
2021-03-09,CollectionA ModelE ColorA,56
2021-03-09,CollectionC ModelE ColorC,53
2021-03-09,CollectionB ModelU ColorE,52
2021-03-09,CollectionB ModelD ColorC,47
2021-03-10,CollectionA ModelA ColorB,235
2021-03-10,CollectionA ModelB ColorC,183
2021-03-10,CollectionA ModelC ColorA,182
2021-03-10,CollectionA ModelH ColorA,65
2021-03-10,CollectionB ModelD ColorA,60
2021-03-10,CollectionB ModelU ColorE,60
2021-03-10,CollectionB ModelD ColorC,57
2021-03-10,CollectionA ModelF ColorA,56
2021-03-10,CollectionC ModelF ColorA,56
2021-03-10,CollectionA ModelE ColorA,52
2021-03-11,CollectionA ModelA ColorB,204
2021-03-11,CollectionA ModelC ColorA,175
2021-03-11,CollectionA ModelB ColorC,170
2021-03-11,CollectionA ModelH ColorA,69
2021-03-11,CollectionA ModelF ColorA,60
2021-03-11,CollectionB ModelD ColorC,56
2021-03-11,CollectionB ModelU ColorE,54
2021-03-11,CollectionC ModelF ColorA,53
2021-03-11,CollectionB ModelD ColorA,48
2021-03-11,CollectionA ModelE ColorA,43
2021-03-12,CollectionA ModelA ColorB,208
2021-03-12,CollectionA ModelC ColorA,165
2021-03-12,CollectionA ModelB ColorC,154
2021-03-12,CollectionA ModelH ColorA,61
2021-03-12,CollectionB ModelD ColorC,57
2021-03-12,CollectionA ModelF ColorA,56
2021-03-12,CollectionB ModelU ColorE,50
2021-03-12,CollectionC ModelF ColorA,45
2021-03-12,CollectionA ModelJ ColorA,40
2021-03-12,CollectionA ModelE ColorA,39
2021-03-13,CollectionA ModelA ColorB,192
2021-03-13,CollectionA ModelC ColorA,167
2021-03-13,CollectionA ModelB ColorC,162
2021-03-13,CollectionA ModelH ColorA,53
2021-03-13,CollectionA ModelF ColorA,52
2021-03-13,CollectionB ModelU ColorE,50
2021-03-13,CollectionB ModelD ColorC,49
2021-03-13,CollectionC ModelF ColorA,47
2021-03-13,CollectionC ModelE ColorC,47
2021-03-13,CollectionA ModelE ColorA,44
2021-03-14,CollectionA ModelA ColorB,194
2021-03-14,CollectionA ModelC ColorA,166
2021-03-14,CollectionA ModelB ColorC,162
2021-03-14,CollectionB ModelU ColorE,62
2021-03-14,CollectionB ModelD ColorC,53
2021-03-14,CollectionC ModelE ColorC,51
2021-03-14,CollectionA ModelH ColorA,49
2021-03-14,CollectionA ModelE ColorA,48
2021-03-14,CollectionA ModelF ColorA,48
2021-03-14,CollectionC ModelF ColorA,47
2021-03-15,CollectionA ModelA ColorB,178
2021-03-15,CollectionA ModelC ColorA,154
2021-03-15,CollectionA ModelB ColorC,141
2021-03-15,CollectionB ModelU ColorE,70
2021-03-15,CollectionC ModelE ColorC,53
2021-03-15,CollectionB ModelD ColorC,53
2021-03-15,CollectionC ModelF ColorA,51
2021-03-15,CollectionA ModelE ColorA,47
2021-03-15,CollectionB ModelD ColorA,44
2021-03-15,CollectionA ModelF ColorA,44
2021-03-16,CollectionA ModelC ColorA,172
2021-03-16,CollectionA ModelA ColorB,168
2021-03-16,CollectionA ModelB ColorC,135
2021-03-16,CollectionB ModelU ColorE,74
2021-03-16,CollectionC ModelF ColorA,55
2021-03-16,CollectionA ModelE ColorA,55
2021-03-16,CollectionB ModelD ColorC,53
2021-03-16,CollectionA ModelF ColorA,51
2021-03-16,CollectionC ModelE ColorC,51
2021-03-16,CollectionB ModelD ColorA,47
2021-03-17,CollectionA ModelC ColorA,168
2021-03-17,CollectionA ModelA ColorB,153
2021-03-17,CollectionA ModelB ColorC,115
2021-03-17,CollectionA ModelE ColorA,57
2021-03-17,CollectionA ModelF ColorA,55
2021-03-17,CollectionB ModelU ColorE,52
2021-03-17,CollectionC ModelF ColorA,51
2021-03-17,CollectionB ModelD ColorA,49
2021-03-17,CollectionB ModelD ColorC,45
2021-03-17,CollectionC ModelE ColorC,43
2021-03-18,CollectionA ModelC ColorA,160
2021-03-18,CollectionA ModelA ColorB,139
2021-03-18,CollectionA ModelB ColorC,128
2021-03-18,CollectionC ModelF ColorA,59
2021-03-18,CollectionB ModelD ColorA,53
2021-03-18,CollectionA ModelF ColorA,51
2021-03-18,CollectionA ModelE ColorA,49
2021-03-18,CollectionB ModelD ColorC,45
2021-03-18,CollectionB ModelU ColorE,44
2021-03-18,CollectionA ModelJ ColorA,38
2021-03-19,CollectionA ModelC ColorA,155
2021-03-19,CollectionA ModelB ColorC,139
2021-03-19,CollectionA ModelA ColorB,125
2021-03-19,CollectionB ModelD ColorC,57
2021-03-19,CollectionC ModelF ColorA,51
2021-03-19,CollectionA ModelE ColorA,49
2021-03-19,CollectionB ModelD ColorA,45
2021-03-19,CollectionB ModelU ColorE,44
2021-03-19,CollectionA ModelF ColorA,39
2021-03-19,CollectionC ModelE ColorC,34
2021-03-20,CollectionA ModelC ColorA,137
2021-03-20,CollectionA ModelB ColorC,127
2021-03-20,CollectionA ModelA ColorB,123
2021-03-20,CollectionA ModelE ColorA,49
2021-03-20,CollectionB ModelD ColorA,43
2021-03-20,CollectionB ModelD ColorC,41
2021-03-20,CollectionA ModelH ColorA,40
2021-03-20,CollectionC ModelF ColorA,39
2021-03-20,CollectionB ModelU ColorE,36
2021-03-20,CollectionA ModelF ColorA,35
2021-03-21,CollectionA ModelC ColorA,144
2021-03-21,CollectionA ModelB ColorC,127
2021-03-21,CollectionA ModelA ColorB,119
2021-03-21,CollectionA ModelE ColorA,68
2021-03-21,CollectionC ModelF ColorA,58
2021-03-21,CollectionA ModelF ColorA,47
2021-03-21,CollectionB ModelD ColorC,45
2021-03-21,CollectionA ModelH ColorA,44
2021-03-21,CollectionB ModelD ColorA,43
2021-03-21,CollectionB ModelU ColorE,40
2021-03-22,CollectionA ModelC ColorA,164
2021-03-22,CollectionA ModelB ColorC,137
2021-03-22,CollectionA ModelA ColorB,132
2021-03-22,CollectionA ModelE ColorA,72
2021-03-22,CollectionC ModelF ColorA,66
2021-03-22,CollectionA ModelH ColorA,48
2021-03-22,CollectionA ModelF ColorA,47
2021-03-22,CollectionB ModelU ColorE,44
2021-03-22,CollectionB ModelD ColorC,44
2021-03-22,CollectionB ModelD ColorA,43
2021-03-23,CollectionA ModelC ColorA,166
2021-03-23,CollectionA ModelA ColorB,146
2021-03-23,CollectionA ModelB ColorC,137
2021-03-23,CollectionC ModelF ColorA,60
2021-03-23,CollectionA ModelE ColorA,58
2021-03-23,CollectionA ModelH ColorA,52
2021-03-23,CollectionB ModelU ColorE,48
2021-03-23,CollectionB ModelD ColorC,48
2021-03-23,CollectionA ModelF ColorA,47
2021-03-23,CollectionB ModelD ColorA,44
2021-03-24,CollectionA ModelC ColorA,172
2021-03-24,CollectionA ModelB ColorC,136
2021-03-24,CollectionA ModelA ColorB,132
2021-03-24,CollectionA ModelF ColorA,59
2021-03-24,CollectionA ModelE ColorA,58
2021-03-24,CollectionC ModelF ColorA,56
2021-03-24,CollectionA ModelH ColorA,56
2021-03-24,CollectionB ModelD ColorA,51
2021-03-24,CollectionB ModelD ColorC,48
2021-03-24,CollectionB ModelU ColorE,44
2021-03-25,CollectionA ModelC ColorA,156
2021-03-25,CollectionA ModelA ColorB,140
2021-03-25,CollectionA ModelB ColorC,132
2021-03-25,CollectionA ModelF ColorA,65
2021-03-25,CollectionA ModelE ColorA,58
2021-03-25,CollectionA ModelH ColorA,56
2021-03-25,CollectionB ModelD ColorC,56
2021-03-25,CollectionC ModelF ColorA,56
2021-03-25,CollectionB ModelD ColorA,47
2021-03-25,CollectionA ModelJ ColorA,45
2021-03-26,CollectionA ModelC ColorA,155
2021-03-26,CollectionA ModelA ColorB,132
2021-03-26,CollectionA ModelB ColorC,126
2021-03-26,CollectionA ModelF ColorA,58
2021-03-26,CollectionC ModelF ColorA,56
2021-03-26,CollectionB ModelD ColorC,52
2021-03-26,CollectionA ModelH ColorA,52
2021-03-26,CollectionA ModelE ColorA,50
2021-03-26,CollectionA ModelJ ColorA,41
2021-03-26,CollectionB ModelD ColorA,34
2021-03-27,CollectionA ModelC ColorA,176
2021-03-27,CollectionA ModelB ColorC,126
2021-03-27,CollectionA ModelA ColorB,121
2021-03-27,CollectionA ModelF ColorA,58
2021-03-27,CollectionB ModelD ColorC,56
2021-03-27,CollectionC ModelF ColorA,56
2021-03-27,CollectionA ModelH ColorA,48
2021-03-27,CollectionA ModelJ ColorA,47
2021-03-27,CollectionA ModelE ColorA,44
2021-03-27,CollectionC ModelE ColorC,40
2021-03-28,CollectionA ModelC ColorA,176
2021-03-28,CollectionA ModelA ColorB,133
2021-03-28,CollectionA ModelB ColorC,117
2021-03-28,CollectionB ModelD ColorC,58
2021-03-28,CollectionA ModelF ColorA,58
2021-03-28,CollectionC ModelE ColorC,48
2021-03-28,CollectionA ModelE ColorA,48
2021-03-28,CollectionA ModelH ColorA,48
2021-03-28,CollectionC ModelF ColorA,48
2021-03-28,CollectionA ModelJ ColorA,43
2021-03-29,CollectionA ModelC ColorA,198
2021-03-29,CollectionA ModelA ColorB,139
2021-03-29,CollectionA ModelB ColorC,85
2021-03-29,CollectionA ModelF ColorA,58
2021-03-29,CollectionA ModelJ ColorA,55
2021-03-29,CollectionC ModelE ColorC,54
2021-03-29,CollectionA ModelH ColorA,50
2021-03-29,CollectionB ModelD ColorC,50
2021-03-29,CollectionA ModelE ColorA,44
2021-03-29,CollectionC ModelF ColorA,44
2021-03-30,CollectionA ModelC ColorA,204
2021-03-30,CollectionA ModelA ColorB,131
2021-03-30,CollectionA ModelB ColorC,94
2021-03-30,CollectionA ModelJ ColorA,59
2021-03-30,CollectionA ModelF ColorA,58
2021-03-30,CollectionC ModelE ColorC,54
2021-03-30,CollectionB ModelD ColorC,54
2021-03-30,CollectionC ModelE ColorA,46
2021-03-30,CollectionA ModelG ColorA,44
2021-03-30,CollectionC ModelF ColorA,40
2021-03-31,CollectionA ModelC ColorA,196
2021-03-31,CollectionA ModelA ColorB,151
2021-03-31,CollectionA ModelB ColorC,102
2021-03-31,CollectionA ModelJ ColorA,57
2021-03-31,CollectionB ModelD ColorC,54
2021-03-31,CollectionC ModelE ColorC,50
2021-03-31,CollectionA ModelG ColorA,48
2021-03-31,CollectionA ModelF ColorA,42
2021-03-31,CollectionC ModelE ColorA,42
2021-03-31,CollectionB ModelD ColorA,38
2021-04-01,CollectionA ModelC ColorA,188
2021-04-01,CollectionA ModelA ColorB,175
2021-04-01,CollectionA ModelB ColorC,98
2021-04-01,CollectionA ModelG ColorA,64
2021-04-01,CollectionB ModelD ColorC,62
2021-04-01,CollectionA ModelJ ColorA,57
2021-04-01,CollectionC ModelE ColorC,50
2021-04-01,CollectionA ModelF ColorA,42
2021-04-01,CollectionB ModelD ColorA,42
2021-04-01,CollectionC ModelE ColorA,38
2021-04-02,CollectionA ModelC ColorA,206
2021-04-02,CollectionA ModelA ColorB,185
2021-04-02,CollectionA ModelB ColorC,102
2021-04-02,CollectionA ModelJ ColorA,77
2021-04-02,CollectionB ModelD ColorC,66
2021-04-02,CollectionA ModelG ColorA,60
2021-04-02,CollectionC ModelE ColorC,58
2021-04-02,CollectionB ModelD ColorA,53
2021-04-02,CollectionA ModelF ColorA,46
2021-04-02,CollectionC ModelE ColorA,42
2021-04-03,CollectionA ModelC ColorA,212
2021-04-03,CollectionA ModelA ColorB,195
2021-04-03,CollectionA ModelB ColorC,109
2021-04-03,CollectionA ModelJ ColorA,69
2021-04-03,CollectionB ModelD ColorC,66
2021-04-03,CollectionA ModelG ColorA,64
2021-04-03,CollectionC ModelE ColorC,58
2021-04-03,CollectionB ModelD ColorA,44
2021-04-03,CollectionA ModelE ColorA,41
2021-04-03,CollectionA ModelF ColorA,38
2021-04-04,CollectionA ModelC ColorA,224
2021-04-04,CollectionA ModelA ColorB,191
2021-04-04,CollectionA ModelB ColorC,139
2021-04-04,CollectionA ModelJ ColorA,64
2021-04-04,CollectionB ModelD ColorC,62
2021-04-04,CollectionC ModelE ColorC,58
2021-04-04,CollectionA ModelG ColorA,48
2021-04-04,CollectionB ModelD ColorA,44
2021-04-04,CollectionA ModelE ColorA,43
2021-04-04,CollectionA ModelF ColorA,40
2021-04-05,CollectionA ModelC ColorA,239
2021-04-05,CollectionA ModelA ColorB,215
2021-04-05,CollectionA ModelB ColorC,161
2021-04-05,CollectionA ModelJ ColorA,69
2021-04-05,CollectionB ModelD ColorC,66
2021-04-05,CollectionC ModelE ColorC,62
2021-04-05,CollectionA ModelF ColorA,56
2021-04-05,CollectionA ModelG ColorA,56
2021-04-05,CollectionB ModelD ColorA,48
2021-04-05,CollectionA ModelE ColorA,47
2021-04-06,CollectionA ModelA ColorB,250
2021-04-06,CollectionA ModelC ColorA,222
2021-04-06,CollectionA ModelB ColorC,183
2021-04-06,CollectionA ModelJ ColorA,77
2021-04-06,CollectionB ModelD ColorC,70
2021-04-06,CollectionA ModelG ColorA,64
2021-04-06,CollectionC ModelE ColorC,58
2021-04-06,CollectionA ModelF ColorA,56
2021-04-06,CollectionA ModelE ColorA,47
2021-04-06,CollectionB ModelD ColorA,44
2021-04-07,CollectionA ModelA ColorB,266
2021-04-07,CollectionA ModelC ColorA,214
2021-04-07,CollectionA ModelB ColorC,191
2021-04-07,CollectionA ModelJ ColorA,77
2021-04-07,CollectionB ModelD ColorC,76
2021-04-07,CollectionA ModelF ColorA,68
2021-04-07,CollectionA ModelG ColorA,56
2021-04-07,CollectionB ModelD ColorA,52
2021-04-07,CollectionC ModelE ColorC,46
2021-04-07,CollectionC ModelF ColorA,39
2021-04-08,CollectionA ModelA ColorB,288
2021-04-08,CollectionA ModelB ColorC,211
2021-04-08,CollectionA ModelC ColorA,204
2021-04-08,CollectionB ModelD ColorC,76
2021-04-08,CollectionA ModelF ColorA,76
2021-04-08,CollectionA ModelJ ColorA,69
2021-04-08,CollectionA ModelG ColorA,58
2021-04-08,CollectionB ModelD ColorA,56
2021-04-08,CollectionC ModelE ColorC,54
2021-04-08,CollectionA ModelE ColorA,43
2021-04-09,CollectionA ModelA ColorB,310
2021-04-09,CollectionA ModelB ColorC,215
2021-04-09,CollectionA ModelC ColorA,210
2021-04-09,CollectionB ModelD ColorC,84
2021-04-09,CollectionA ModelF ColorA,80
2021-04-09,CollectionA ModelJ ColorA,79
2021-04-09,CollectionA ModelG ColorA,58
2021-04-09,CollectionA ModelE ColorA,53
2021-04-09,CollectionB ModelD ColorA,52
2021-04-09,CollectionC ModelE ColorC,50
2021-04-10,CollectionA ModelA ColorB,290
2021-04-10,CollectionA ModelC ColorA,228
2021-04-10,CollectionA ModelB ColorC,223
2021-04-10,CollectionB ModelD ColorC,88
2021-04-10,CollectionA ModelF ColorA,84
2021-04-10,CollectionA ModelJ ColorA,77
2021-04-10,CollectionC ModelE ColorC,66
2021-04-10,CollectionA ModelG ColorA,58
2021-04-10,CollectionA ModelH ColorA,56
2021-04-10,CollectionB ModelD ColorA,56
2021-04-11,CollectionA ModelA ColorB,293
2021-04-11,CollectionA ModelC ColorA,269
2021-04-11,CollectionA ModelB ColorC,243
2021-04-11,CollectionA ModelF ColorA,104
2021-04-11,CollectionA ModelJ ColorA,95
2021-04-11,CollectionB ModelD ColorC,84
2021-04-11,CollectionC ModelF ColorA,83
2021-04-11,CollectionA ModelE ColorA,76
2021-04-11,CollectionB ModelD ColorA,70
2021-04-11,CollectionC ModelE ColorC,66
2021-04-12,CollectionA ModelA ColorB,281
2021-04-12,CollectionA ModelC ColorA,257
2021-04-12,CollectionA ModelB ColorC,231
2021-04-12,CollectionA ModelF ColorA,100
2021-04-12,CollectionC ModelF ColorA,83
2021-04-12,CollectionB ModelD ColorC,80
2021-04-12,CollectionA ModelE ColorA,76
2021-04-12,CollectionA ModelJ ColorA,67
2021-04-12,CollectionB ModelD ColorA,62
2021-04-12,CollectionB ModelL ColorB,58
2021-04-13,CollectionA ModelA ColorB,267
2021-04-13,CollectionA ModelC ColorA,237
2021-04-13,CollectionA ModelB ColorC,237
2021-04-13,CollectionA ModelF ColorA,100
2021-04-13,CollectionC ModelF ColorA,79
2021-04-13,CollectionB ModelD ColorC,72
2021-04-13,CollectionA ModelJ ColorA,71
2021-04-13,CollectionA ModelE ColorA,68
2021-04-13,CollectionB ModelD ColorA,66
2021-04-13,CollectionB ModelT ColorA,62
2021-04-14,CollectionA ModelA ColorB,258
2021-04-14,CollectionA ModelC ColorA,233
2021-04-14,CollectionA ModelB ColorC,211
2021-04-14,CollectionA ModelF ColorA,92
2021-04-14,CollectionB ModelD ColorC,76
2021-04-14,CollectionC ModelF ColorA,75
2021-04-14,CollectionA ModelJ ColorA,71
2021-04-14,CollectionA ModelE ColorA,70
2021-04-14,CollectionB ModelD ColorA,66
2021-04-14,CollectionB ModelT ColorA,66
2021-04-15,CollectionA ModelA ColorB,242
2021-04-15,CollectionA ModelC ColorA,209
2021-04-15,CollectionA ModelB ColorC,203
2021-04-15,CollectionA ModelF ColorA,76
2021-04-15,CollectionC ModelF ColorA,75
2021-04-15,CollectionB ModelD ColorC,72
2021-04-15,CollectionA ModelE ColorA,70
2021-04-15,CollectionA ModelJ ColorA,66
2021-04-15,CollectionB ModelT ColorA,66
2021-04-15,CollectionB ModelD ColorA,66
2021-04-16,CollectionA ModelA ColorB,210
2021-04-16,CollectionA ModelC ColorA,203
2021-04-16,CollectionA ModelB ColorC,173
2021-04-16,CollectionB ModelT ColorA,94
2021-04-16,CollectionA ModelE ColorA,90
2021-04-16,CollectionB ModelD ColorC,76
2021-04-16,CollectionA ModelF ColorA,72
2021-04-16,CollectionB ModelD ColorA,66
2021-04-16,CollectionC ModelF ColorA,63
2021-04-16,CollectionA ModelJ ColorA,56
2021-04-17,CollectionA ModelC ColorA,212
2021-04-17,CollectionA ModelA ColorB,182
2021-04-17,CollectionA ModelB ColorC,158
2021-04-17,CollectionA ModelE ColorA,98
2021-04-17,CollectionB ModelT ColorA,98
2021-04-17,CollectionA ModelJ ColorA,64
2021-04-17,CollectionB ModelD ColorA,62
2021-04-17,CollectionA ModelF ColorA,60
2021-04-17,CollectionB ModelD ColorC,60
2021-04-17,CollectionC ModelF ColorA,54
2021-04-18,CollectionA ModelC ColorA,204
2021-04-18,CollectionA ModelA ColorB,160
2021-04-18,CollectionA ModelB ColorC,156
2021-04-18,CollectionB ModelT ColorA,101
2021-04-18,CollectionA ModelE ColorA,94
2021-04-18,CollectionB ModelD ColorC,68
2021-04-18,CollectionA ModelJ ColorA,64
2021-04-18,CollectionC ModelF ColorA,62
2021-04-18,CollectionB ModelD ColorA,58
2021-04-18,CollectionA ModelF ColorA,56
2021-04-19,CollectionA ModelC ColorA,202
2021-04-19,CollectionA ModelA ColorB,138
2021-04-19,CollectionA ModelB ColorC,135
2021-04-19,CollectionB ModelT ColorA,97
2021-04-19,CollectionA ModelE ColorA,84
2021-04-19,CollectionC ModelF ColorA,62
2021-04-19,CollectionA ModelJ ColorA,62
2021-04-19,CollectionB ModelD ColorC,60
2021-04-19,CollectionB ModelD ColorA,54
2021-04-19,CollectionA ModelF ColorA,48
2021-04-20,CollectionA ModelC ColorA,183
2021-04-20,CollectionA ModelA ColorB,138
2021-04-20,CollectionA ModelB ColorC,123
2021-04-20,CollectionB ModelT ColorA,91
2021-04-20,CollectionA ModelE ColorA,88
2021-04-20,CollectionC ModelF ColorA,58
2021-04-20,CollectionA ModelJ ColorA,58
2021-04-20,CollectionB ModelD ColorA,58
2021-04-20,CollectionA ModelF ColorA,50
2021-04-20,CollectionB ModelD ColorC,48
2021-04-21,CollectionA ModelC ColorA,138
2021-04-21,CollectionA ModelB ColorC,99
2021-04-21,CollectionA ModelA ColorB,98
2021-04-21,CollectionB ModelT ColorA,77
2021-04-21,CollectionA ModelE ColorA,68
2021-04-21,CollectionA ModelJ ColorA,45
2021-04-21,CollectionB ModelD ColorC,40
2021-04-21,CollectionB ModelD ColorA,40
2021-04-21,CollectionC ModelO ColorA,34
2021-04-21,CollectionA ModelE ColorC,31
2021-04-22,CollectionA ModelC ColorA,118
2021-04-22,CollectionA ModelB ColorC,116
2021-04-22,CollectionA ModelA ColorB,94
2021-04-22,CollectionB ModelT ColorA,85
2021-04-22,CollectionA ModelE ColorA,64
2021-04-22,CollectionA ModelJ ColorA,49
2021-04-22,CollectionB ModelD ColorA,40
2021-04-22,CollectionB ModelD ColorC,36
2021-04-22,CollectionA ModelE ColorC,35
2021-04-22,CollectionC ModelO ColorA,34
2021-04-23,CollectionA ModelC ColorA,110
2021-04-23,CollectionA ModelB ColorC,92
2021-04-23,CollectionA ModelA ColorB,84
2021-04-23,CollectionB ModelT ColorA,77
2021-04-23,CollectionA ModelE ColorA,64
2021-04-23,CollectionA ModelJ ColorA,45
2021-04-23,CollectionB ModelD ColorC,36
2021-04-23,CollectionC ModelO ColorA,34
2021-04-23,CollectionB ModelS ColorA,33
2021-04-23,CollectionB ModelD ColorA,32
